IEEE XPLORE Article Number (deprecated),References (deprecated)
7192699,5652433;729568;663916;6634131;6875998;4658161
7192709,
7194845,6327257;6634103;6327283;6634126;4376134;6888482;6876021
7192693,6064991;6634104;5290706;6876017;5613447
7192636,6634103;5613455;1532122;6064988;4376133;5613452;1382903;6327280;4658138
7194854,6064991;6634104;6064996;5290706;4376143;4658148;1382886;4376146;4658145;6876017;5613447;6876026
7192724,4015416;4015425;6327253;5332628;4658147;6327250
7192658,5652433;729568;6064985;4015421;5613439;5290704;1249006;4376133;4035766;885086;5332628;5613434;1532142
7192646,6327282;6634103;6065011;6327245;6064986;6634103;6327247;5653598;6327253;6327280
7192661,6875978
7192677,6875958;6064997;809866;6875978;1173157;6634108;1532138;5290704;1382895;1382884;6065022;663867
7192718,6327290;4389004;6875959;4376133;6064990;5290723;6102453;528686
7192733,4658137;6634098;4015435;5290700;1249009;7192690;6327253
7192690,4015416;6327251;6634098;4015435;5290700;4658145;4015425;6327253;4658147
7192668,6634103;6875906;5613431;6102435;6876022;5613437;6875967;5613452;4376144
7192720,6875913;5653587;6064988;6634182;6327259;5613452;1532836
7225156,6064996;6634168;4658136;6634166;6634146;5613429;4376151;6065017;6876000;6875995;5290695;6065016;6327248;801851;1532122
7192648,5613430;4658146
7192684,5652433;6102437;6064985;663916;6065024;6634131;5613468;4035766;1532142
7192696,729568;1382894;4015422;4376143;1532141;809866;6065025;6875978;1173157;1532138;5290704;485139;4015444;1382895;346302;1249008;567800;1249015;5290705
7192712,6064991;5290706;5333443;4658140;6065003;1532126;6327248;4389006;5290726;5290722;1173155;4658133;528686
7192695,6634124;6064988;5652392;146402;5290704;6327255;6876023;6634128;5290709;346302;4376132;1382891;528686
7192704,480821;5290720;6064996;5613453;6875985;6634137;5613437;567746_1;885086;1382904;7192728;4376144
7192681,1382906;6327253;1249008
7192707,5613460;885092;4015439;346304;6876000;5290695;6327248;1382903;6327281;4376144;4658138
7217849,6327249;6876021;5613434
7192666,6327285;6875900;4658131;4658128;4376134;6327248;4389006;5290726;4376131;5290722;4658133;4677370
7192637,6875906;6634126;5613452;1532122
7192639,6064991;4376143;1382886;6875930;6634087;1173155
7192735,5290701;6875940;1532148;6065014;5613429;5613426;801860;6065009
7192713,1532136;4035762;6875996;6634100;6875988;1532152;5290711;6327272;4376144
7192691,6634170;6634091;6876017
7192667,6875915;6327255;1173145;5290731
7192708,5613450;4376134;6888482;1382897
7192701,6064996;6064975;809905;745294
7192660,4376135;6634166;4376146;6876047;6102448;6634169;6876043;5290702;6065022;6327268;6875987
7192710,146361;1183788;6065017;5613483;6327248;6634129
7192728,6875927;5290720;6064996;4376133;6876042;885086
7429504,
7429510,
7429485,1382902;6634168;6327218;5290732;6634181;6634156;6876043;1382903
7429511,
7429488,6634109;6634123;6634188;5290751;4658178;6876041;5613483;346298;6634129
7192678,4015467;1183754;6876009;6876018;4015468
7192734,5613492;663860;1183810;6064949;568127;5290779
7429507,
7194835,1183754;5290734;6064966;964540
7194844,6875905;6634150;6875910;6327241;809886;1250414;6064955;1532772;346331;1183771;6064942;1372186;6327242;567777
7192697,6634187;4376167;4658163;4376165;485139;4015447;6400488;6065027;4389000
7429493,1183793;885685;809883
7429509,
7192726,4658123;809932;6634108;6327228;559216;6327229;5613504
7192711,5290742;6327222;6877722;4015452;1183789;6634153;1372179;4015451;1532830;1532859
7429502,
7429492,5613495;5290736;6327210
7192663,5290720;6064996;1532856;6875916;6327233;1250414;809896;4376190;6876040;745290;4658184;4658155
7192664,4376176;398877;1372214;6064965;4376165;1250374;6634159;6875975;4376210;567807;745288;4658155;4658174
7194852,6875990;1532839;1532838;6876007;5290748;6875964;5613483;6634129
7194846,
7429490,1532853;4376173;4015421;346313;567784;964505;5290732;809892;1250362;1532781
7192679,346327;1532795;6064972;809896;568137;745288;1372197;6327274;1532851;4376212
7429491,346326;5290754;485141;5613502;1372212
7194851,6065006;6327295;1173156;6634139;4658146
7192722,7192624;4015499;5613480;745294;7042491;5613502
7429515,
7192723,4658165;1532830;5613497;6064973
7192700,4658159;663875;6327207;5613467;6875963;5613469;1183774;4658165;5290728;4376169
7192674,1532795;6064947;6875922;1532839;6064966
7192682,4658153;6064975;568112;6327240;5613470;6064940;4015460;6064959
7429514,
7192629,6634171;1183769;6634159;4376198;6327235;6634129
7192686,6327233
7194853,5290706;6634098;6064965;4658163;809871;4015447;5290726;4015461
7192721,1250372;5290760;4015447;4376210;6875976;6064967
7429508,
7192653,6875935;1532788;6634132;5290766;6327233;6875931;6634144;6876026;4376187
7194839,5290742;6064983;6877722;5613474;6064980;1372190
7429503,
7429512,
7192698,6064970;964540;6065015;6877722;964538;1372206;1183754;1250353;6064963;4015442
7429505,
7192702,4376193;5290730;4376194;6327210;5290753;6876051;4015487
7429489,964550;4015499;4376198;6327255;5290731
7210213,5613499;567784;5290738;1250364;663898;1250363
7192689,6875993;1183789;6875965;6064972;6634153;809917;809896;745296;1532851;4376212;5613462
7192675,4376173;885715;809863;6634122;4376198;6875964;1532779;5613483;809865;6634129
7192730,5652478;6634194;6876012;6634127;6065025;6634146;6875983;6102455;885091;6875974;6327262;6634174;7042490;6876013
7429486,6064947;5613467;4658193;5290748;6634169;4658165;6064967;6634095;6875976;6064952;4376169
7429487,5613488;5613483;6634129
7192672,175794;4376176;885739;6634111;6634153;1372195;1532830;6875987
7185456,4677356;5290701;6634168;6065021;4658123;6634127;6875983;1173157;5290707;5613429;963286;6065019;6327262;6875972
7429513,
7429506,
7192624,5290759;5290754;1532773;4015482;4015499;5613502;4658185;4376179;7192722
7194847,6064985;6064996;5333431;6634192;6876009;6634119;6634169;6876043
7192662,1532136;6875913;7042482;4677365;4658129;5333878;6876022;6327280;4376144
7347674,
7347677,
7192694,6634195;6327271;5332611;6634091;6065003;7042494;568116;1532150;5652931;6065022;6875992;6634179;6065021;6876032;5613449;6327258;6634134;6876013
7192715,4376140;5290706;4658140;6327277;6327294;1382886;6875920;4376154;4015425;6065003;5333878;6064995;5613440;6875994;5613447;6064990;6875974
7192714,1532136;1532788;6634189;398857;6400486;6875913;5652932;4677365;4658129;6634108;5333020;5653598;6327266;6875986;4677366;6634181;5613483;5613452;146375
7192685,1382937;7192633;4658136;6634167;5333443;6065008;6327277;6634160;6327290;1382934;1532150;5290713;5290722;1532122;528686;6876032;5290724
7347627,6064996;4389011;6327298;5290771;4376131
7347634,6875958;5613488;5332611;4015417;6634122;6634106;5613502;6876043
7347631,7042493;6634167;6875938;6102461;6876032
7347632,5613445;6065001;6065000
7192725,6064994;6065001;4015425;6634116
7347687,
7192705,6634112;6102488;6400557;6400485;6634160;4677364;6875996;7042484;6065010;7042494;6400491;5333919;801851;6327272;6876015
7347637,5652443
7347628,4677358
7347633,4658136;885098;6065021;6876044;963273
7347675,
7347626,6102457;729566;6875970;6634169;5613483;6876043;6064952;6327226
7347676,
7192688,5332584;4677356;5290694;6064996;6327271;5290710;1382887;1532150;6327262;6876014;6876013
7192680,6102454;5613445;6875900;4376141;5333443;6875938;4658131;6327277;6400485;1532126;6327290;6400491;4389004;6875959;5290695;4015419;5652931;5333023;4389006;5333248;4677370;5652520
7347635,4658193;6876045;6876043;5333081;5613487
7192671,6064996;6400486;6634167;5652443;6064997;4658123;6102449;6634124;6875985;146386;6065027;6634163
7347630,1382887;1173155
7192703,6875958;6064996;5613488;6634138;1249032;6634146;5290719;6876043
7347625,6400486;6102438;6400559;6875986;7042492;4658192;6634198
7192732,6065021;6065001;6065003;1382908;5290710;6875983;4658146;6875972;801851;6400553;5333893;1532150
7194831,6634102;5290701;6065008;6875996;6327289;6634164;6634100;4015418;1532152;6634089;5613432;1183778;4658133;6327272;6876032
7192670,6102439;6634170;6634101;6102438;4658127;5290692;5290690;885091;4376152;1249030;6327270
7192717,6065001;1382908;6634085;4015425;4015433;4658146;6065027;801851
7194834,1532788;6064996;6875913;4677365;4658129;5333020;6634110
7347684,
7347673,
7347629,6875942;6065007;6876043;6064952;5290711;5332595
7192665,6064996;4389013;4035762;6875996;5652890;6876047;6634100;6634096;5290698;963273;6327272;6634163
7185421,6327271;4015444;1183816;6876013
7194832,6065006;7042493;6634167;6065008;6327294;885098;6875995;6634134
7347683,
7192673,5332593;146402;485140;146386;4376142;5332628
7194836,6634184;5332629;663916;146402;6065024;636793;5613468
7192716,6875913;885679;4677385;5332611;6327294;6102473;5333020;6102435;6327255;6875967;4035759
7192729,1249025;4376148;6327272;4388999
7192669,7042493;6064996;6875900;6634168;6400557;6102461;6400485;6634160;6634170;6327293;6876042;6327248;4389006;6327274;6400530;4376131
7347682,
7347681,
7192687,5332593;6634127;5290707;6102455;4015419;6327262;6634174;6876014
7347688,
7347686,
7347636,4677356;6875954;4376137;6634127;4376168;6634174;6876029;6876008
7347680,
7192649,6327295;6634168;4677361;5333878;6875959;5653598;6327297;1532837
7192676,7042493;4389012;6875900;4376141;4658132;5652885;6065008;6400485;6634160;885098;6065010;6875967;885091
7192692,6327295;6327257;6876009;5613504;6876050;885086;1382904
7192683,6875938;6102441;6875946;1249028;5613458;7042494;6876000;5333919;6327248;5290722;5290711;6634134;6400554;7042496;4658138
7192633,6064994;6327277;7192685;5333564;5613457;4389006;6634163
7347679,
7192719,6634112
7347678,
7347689,
7347685,
7347671,
7347672,
7192706,1382894;6876004;4376143;6065004;6634127;809866;4658129;5290770;1532138;6065010;4015444;1249005
7347624,4677356;6876004;6634127;885098;6634174
6875906,6065014
6888482,4376134;1249031;6634126
6875930,6634146;801860;5613460;5613502;568118;6634168;5290761;5290695;4376133;6634182;1249005;1382903;567784;6634108;4658127;6327249;5613434
6875987,6634146;6065027;6634127;6065022;4376135;4658126;1382904;6327268;4376137;4677350;4658146;6634111
6875998,5613430;6634131;146402;663916
6876005,6327252;5290721;6064945;6634100
6875968,1382886;6065011;6065001
6875946,5290712;6064996;6634152;4376131;1382905;6065018;663890;6327284;6634126;5613431;4376134;6327259
6876000,6327248;6065017;5290695;6634108;6634166
6875985,6634138;6327275;6327294;4658131;6400486;6327262;6634116;1532136;6064996;4658146;6065009
6875920,5290705;5613440;146402;6327256;6064995;1532788;6634146;6064990;6634192;6064997;4015424;1532152;1382895;4376140
6875979,
6875915,6327283;6327259;6327281;6064986;6327255
6875917,6634087;4015420;6327267;6064996;4376132;6064990;6634156;5613457;1532144
6876021,6327278
6875969,4658129;6102441;5613453;4658140;4376154;6102440;1173155;4015425;5613448;636793;6065003;6064996;4015424;5290699;6634087
6875938,6634164;5290699;7042494;5290695;6065008;6876032;6327274;6634134;6327272;6634160;6634100
6876042,1382904;5613453;5290705;5290720;1532788;6064996;4376131;1382905;5613455;6634113;636792;6064997;6064975;6327284;636761
6875950,5613436;4015420;4376133;6064993;4376151;4658146;5613441;4376146
6875942,6634100;6327248;5290698;6327272
6876050,5290752;6327248;6327275;885086;346302;1382904
6875966,6327285;6327281;6327248;6064986;6634126;5613452;6634110;1382903;6065017;6634166;4658128
6875972,485139;1249008;4015419;5290707;6634091;4389013;346302;4376132;4658123;5290699;4015424;4015425
6875935,6634132;6327233;6875931;5290766;6102439;5290699;6065015;1183754;6634190
6876012,885091;1532145;4376129;5290702;4376152;175815;4658149
6876036,1249011;6064991;4658147;528686;4376149;5290706;6634178;6634168
6876026,5613447;5290706;6064996;4658148;6064991;6634104
6875940,6634178;6327269;1382903;6327282;1532136;6065014;5613441;6634103
6875983,5290710;4658140;4015425;4015433;6065021;1532150;6065019;1532819
6875900,5290709;1382900;6327293;6327248;6327294;5290725;6634160;6634128;5290715;6634168;6065008;5652940;6065017
6876039,885086;5290713;5613431;6065018;6634113;6327284;4389013;6634155;4376140;4658129;1532136;4376133;6327275
6875978,6634178;5290695;4376133
6875960,5613438;1249005
6875988,4015417;6875946;6875973
6876003,1532145
6876044,6327288;6634087;964541_07;559229;1173148
6876022,5613437
6875973,6327283;4658168;6064957;1382895
6876010,6327259;801854;1173148;4658123;4376146
6876023,6327259;6327280;6327282;6065015;6634103
6875989,6327245;6327267;6064996;4389009;6634178;6064986;6634120;4015437;5613436;568118;6327283;6634121;6634103
6875961,6065011;885091;1173151
6876017,4658148;6634104;6064991;5613447;5290706;6064996;6064990
6876043,528680;5613437;4658193;6327298;5290748;5613487;6327293;6327248;5613488;1532136;398859;5333431;4376186;6634132;5652392;1532142;6634181;6634138;6634168;6327226;5290695;6064985;6634124;6634169;6102450;1532788;6634108;6064952;5613489;5290759;6102457;6634156;6065007
6875927,6327248;4376131
6875965,1183786;1532851;809896
6876018,1250353;6634141;964540;4376196;1183754;1250351
6875971,5290737;6064941;663898;6634188;6634133;4376175
6876019,5290763;480802;1532838;5613452;6064990;4015448
6876035,4376198;4658152;1250386;1532807;745311;1250387
6875922,5290727;1372235;1250376;4658183;5290753;6064966;4376193;6634161
6875954,
6877722,6327222;4376196;480795;6064982
6875918,6064972;4658183;4376171;4015464;6327204;6327205;1532839
6875964,6634129;1183769;568116;568105;6634122;5613500;6634108;5613483
6875963,6327204;1532839;5290764;1183774;885716;4658183
6875931,6634132;6327233
6875962,175773;235211;1250376
6875939,6327204;964507
6876024,4015488;964531;4015464;964541_06;1250385;6327205;4376192;6327234;568138
6875956,4658160;5613461;6065008;4015447;4658163;4015446;5613488;6064965;4658166;5290758;5613498;6634187
6875936,346321;6634108;885702;5290731
6876051,5290753;6064966;6634161
6875905,6634193;6634150;6064977;1250394;6327241;6064955;6064942;1183764
6875990,6634129;885739;4015461;4658178;4376198;5613483;5290755;1173157;809921
6875976,6634132;809869;4015483;6064967;4658165;6064960;6634095
6876031,4015460;4015450;6634153;1250413;964539
6876002,4015488;6327233;809908
6875945,5290768;4376196;964540;6064970;6634145;1250353
6875975,663930;567807;4376176;1250374;146391;745288
6875981,6634102;5290752;6102454;5613487;964541_07;4376198;5332593;1532857
6876004,6634181;4376137;4677356;1372235;6634137;4015464;4677354;6634127;6634174;6400557;6102454;6634109
6876040,1532792;235219;5290720;6875916;1372194;6064996;1532788;235202;4658164
6875910,6634193;4376179;5613502;6327240;809886;1372208;4658153;1372209;1372186;6064942;4658184
6887357,
6876027,6327209;1532804;1532843;5613471;1532833;4376203
6875916,1372194
6875953,4658186;1372206;1183795;6064964
6875993,1532851;4376212;5613462;809896;745296
6876013,6102456;6327271;6400557;6065010;6065008;6327270;6634152;6400485;5652922;5613451;6634134;6634160
6875974,4015425;5290704;1532126;5613440;146402;6064995;4015417;5290706;809866;4035752;1382886;6102449;6634163;4015444;4376154
7042479,6327252;5332596;1532138;745302;5332593
7042486,6102458;6634127;6634174;6634137;6102455;6634187
7042482,6327245;4376141;6634168;5613456;6634108;1532136;5290702;6064996;5613428;6634156
7042481,4376166;6634151;5613435
7042484,6400554;5613433;4376154;6065002;6102440;5290710;801851;4015424;4389013
7042478,6327288;6634087;6327272;964541_07
7042490,6634092;1382887;963273;6065008;4658136;1532149;6634107;6327262;4376143;4658146;4376139
6875994,6634163;6327248;6327277;4389006;4015424;6634091
6875958,6634138;6634107;5613440;5290748;1532856;5613488;4015425;398859;809866;4376186
6875996,6634096;6327272;6065010;885097;5332595;5652890;5290698;4035762;6634100
6876046,4376134;6065005;5613437;6327279;5290717;6634091;963283;6327248;4677361
6875992,5652931;6327271;4658136;6065008;6327273;6876032;6634134;6634164;6634160
7042477,6327288;4677350;4376136;6634174;6634194;6634165;6634195
7042480,1532142;6327290;5613439;6400486;4389001;6634192;6400488
6875913,6327275;5653587;5333020;6400486;1532788;6327295;4035754;4677352
6875947,5333443;4677365;4389006;963287;4376132;4035752;4376131
6876028,4658137;5290693;6064996;5290692
7042488,568146;885097
6876047,1382893;5332586;1532142;6064985;6102448;1249015;6065027;6102453;6634169;5290704;5652443
7042495,6400557;6064996;6400486;6634160;6634134;6102456;6327271;6634169;1382902;6102448;5652443;1382892
6876009,6634192;6064996;885739;6064951;4376166
6875967,1532781;6634168;5333023;6064985;4658124;4677361;4677365;5652879;6327297;4677358;4658127;4389006;6102435;6634156
6876038,5652931;5290722;4389008;6327273;559227;6327274;5613451;6327272;6065008;6400494;1532150;4658136
7042492,6102449;6634115;6400559;6400486;528686;4389006
6875995,6400486;4388999;6102449;4376144;5290697;6876043;4677350;4015496;6634167;6634169;1173145;5290719;1382891;6102453;6327292;1249014;6064985
6876032,6065008;6634160;6634134;6875938;1532152;6327271;4035748;5613451;6634164;6875992;5613449;5333919
7042496,6065008;6400485;5613451;6064996;5613449
6875970,6634169;6634096;6400491;4389006;6634100
6876049,4035762;6634152;5290711;6065010;1532133;6327272;6634137;885097;6634100
6875941,1173149;885727;5613488;6064952;5613487;4658193
7042493,6102449;885098;729570;6065008;6065024;6400486;6102461;6634124;6634160;4389006;4389004
6875986,5333245;4035757;4677358;6634130;6102438;5333878;4035747;4389011;4389006;6102447
6875977,885086;5290748;485139
7042494,6102461;6065008;5290695;5613456;6102439;4015433;6327258;6634134;6634160;6327255;5613449;6875938;4376140;6634197;6634167;4376154;6634179;5613451;6875992
7042476,4035765;4389003;1532136;5613466;4376144;4376134;6634090
6875999,4015420;1532142;6634178;6064993;4035766;5613439;6102437;4389006
7042487,885091;5290698;636718;4389008;559227;6327272;4376152;6400494;6634101;1382905;175815;6634100;4035762;6064996
6876015,5290717;4389009;6327274;528685;6400494;5613429;5290708
6875959,5652926;4658133;6400485;6634115;4376131;6400486;6327290;5290726;6634160;528686;5333248;6327294;4389006;5333919;4389004
6875926,885098;6064950;6327294;4376134;5613487;6634184;5613486;6102460;6102457
7042489,6400491;5613457;885098;4376168;5290745;5613449;6400553;5613424;5290751
6875982,6634155;4658159;745301;4658154;5613442;4015436;4376150;6634151;1382898;5652460;5290758;5290706;6065019;6327254;5613435;6634167;6064975;4658123;6634120
7042485,6634198;6102439;5333893;5290692;4376140;5290706;4376152
6876008,6400557;6400556;6634174;5290695;4677356;6327271;6634110;6634127;6102455;6102460;5290706
6876007,6327226;6327206;4658178
6876045,5613487;6327232;4658193;5290719;5613486
6876014,6400556;1382887;4677356;1532151;6102458;6065001;6634174;6634194;5332584;6634127;6102454;6102455;5290694;6327262
6875957,885740;5652398;5332628;6327290;6400486;6634104;6327291;6102448;6102453;6400492;5652443
6876041,4658178;6327268;1532821;6634124;6400486;6634115;6634158;4677350;6634156
6876029,963273;6065021;6065020;5290710;6327262;6634174;6634127;6102455;1532150
7042483,4015417;1532134;175795;4035754;5290695;528685
7042491,1173157;146402;6634107;1183790
6634182,1532788;4376131;4376133;5613452;4658129;6064988;4376187;4376146;885086
6634156,559213;1532136;4376144;146372;6327265;235203;1382903;4677365;559211;1382902;636792;885093;885092;146375
6634111,5613440;4376133;1532821;6634169;6065027;6102439;4658146;885086;6327278;4376140
6634168,4376134;6327298;559213;6327248;6327297;1532136;5613437;4376146;1173148;4376144;6327275;5290695;4658124;235203;1382903;4677365;6102438;4658127;4658129;729560;1382902;6327277;146375
6634181,559213;4376144;146375;729560;1532136;5653599;885092
6634126,5613437;1532781;4376131;1532136;6327257;4376144;6327275;4015439;5290713;1249008;729560;146375
6634099,6102445;1382886;528693;4376133;175815;1532129;636761
6634157,885091;1532128;5613436;6064996;5290702
6634166,5613425;6327248;6065016;4376146;801851;6065017
6634116,6400552;6064994;1532151;6065001;1173155;6065000;4658145;4376154;1173148;1532129;1173160;4376146
6634155,1532142;5290705;5613440;1249015;146402;6400488;663866;485140;5613439;5290702;4035763;809866;1382891;1382892;1382893;5290704;4658123;1173151
6634098,5290726;6065003;4015416;1382906
6634128,5290709;6064985;4376149;1532142;636793;5652392;6400490;4658124;5332628
6634190,5333443;6064995;6065000;5290706;6064990;885087
6634189,4015433;1532136;4015416;5290692;1382906;1382886;1532788;6065012;1532134
6634192,1532142;4376168;5290705;5332586;4376133;146386;6064996;5613448;6064990;398859;6064997;5613431;885086;4376140;1382895;4658123;175796
6634173,6327257;6327261;4015437;4376154;963288;4376151;1532131
6634094,4015437;6327275;6327257;4376131;1532136
6634121,4015437;4015436
6634146,6327273;4658136;568118;4658150;4376146
6634137,4015421;1173141;5290718;4677357;4376133;1173156;146386;6064996
6634131,663916
6634120,6327245
6634104,4015417;5290706;4658148;6064991;1382886;5613447;6327291;1173157
6634178,4015420;6327267;6064993
6634113,4376131;6327281;5613452;6327284;4658129;4388992
6634087,4376154;6064994;6064996;6327288
6634164,6327273;6064988;5613452;6065001;4677364;6327274;6634134;6327272;4035762;5333437;6065008
6634088,4015417;1532134;1249027;1532126;6327248;4015419;5652530;4015424
6634143,6327259
6634170,5290695;4658124;6327248;6064996;1249023;5290690;5290692;6065017
6634198,4376187;1382904;4015425;5290771;6327266;567746_1;4658192;4015424
6634152,6400552;6327271;6065010;1249014;6064996;4658136;4658138;1382896;4376146
6634092,4015471;1249025;5290729;1382896
6634101,6102439;4015425;6064996;175815;4376153;1173150;4035741;1173148;1249026;4376152
6634179,398872;1532126;6064991;5613447;5290706;1382909;5290741
6634197,5652910;4658146;4376146;6102442
6634103,6327280;1382903;6327282;6327253;6064986
6651934,5290742;1532846;1183753;663912
6634149,4015449;4015467;5290762;1249004;1532834;6327228;1532787;1532833;964517
6634108,5290766;1532781;4015488;6064940;5613502;5613487;6327248;5613480;5290733;6065005;5290695;6064943;6327215;6327228;4658185;5290692;6327216
6634175,6064936;1382906
6634133,5290738;4658156;4376174;4376175
6634150,6064977;4376160;1250394;885683;5613490;1372209;1250406;5613492;6327241;6064955;6064942;1183764;1532803;5290775
6634109,4376167;4015464;1250383
6634187,5613460;5290764;146402;5613461;4015449;4658163;5613439;1382895;4658188;4658174;4389000;6064997;485139;1532833;5613459;663875;1183785
6634117,6064964
6634123,1183769;1532853;568116;5613476;5613483
6634145,964540;4015440;964540;5613475
6634122,6064958;568116;5613488;5613483;4376175
6634132,885086;1532792;5290767;6327233;4015489;485139;4376204;5290765;5290766
6634129,1183769;568105;1532807;5613483
6634188,1532853;6064941;6064958;4015453;5613488;5613483;568116;4376175
6634138,6327230;5613487;5613488;6064952;885734;5613486;4376186
6634095,1372207;5290764;6064967;4658165;6064947;4376171;6327208;4015464
6634159,809910;5613461;6064965;964516;6064942;5290751
6634097,1532836;1250396
6634161,5290753;1250414;4015487
6634177,1532809;1532815;4015501;1250384
6634119,5290760;885739;4035756;5290695;5613427;5290731;175815;5613429
6634086,964538;346339
6634193,1532812;1372208;6064942;6327242;1183785
6634144,4376172
6634106,6327240;809871;5290766;6327238;6064952;1532807;5613488;5613489;398859;663875
6634151,146373;1250412;4015502;1532807;4376150;6327216;1250362
6634153,6064971;809869;5613474;809896;6064983;4376212;1372213;5613472
6634171,1532853;4376179;175782;4376198;6327235;346331;568116;5290733;6064958
6634141,5290742;1372221;1250353;1250400;4015449;5290734;1183754;6064947;1250351;4015452;964555
6634162,6065003;4658140;6327205;885716
6634169,6327298;5290702;398859;6400486;6102453;5333431;5613467;6327265;5332628;146402;6102450;4677368;5652460;6064952;1532142;4388999;1382902;5290719;6102448;1382892
6634110,6327277;5613425;4388992;4015432;4035748;5613456;6327248;885086;4376131;5290695;4677366;4677365;4388992;5290702;5332611;5613449;5333919;6065017;5290723;4658131
6634184,175815;6102463;5652398;4677361;4677363;6064996;6102457
6634124,6400487;6400486;6327290;1532142;1382893;6327268;5652392;6400490;6065024;729568;6102448;5290704
6634160,5652931;6400557;6065008;6102461;6400485
6634191,4376131
6634163,4658129;6102440;6065000;5613456;4035752;1532136;5613448;6327277;4015424;885086
6634090,1382887;6327214;1250401
6634102,809865;4677350;4015416;6065019;6065026
6634089,1532820;5652926;885740;6400488;5290760;5290758;5290756;5613502;5290745;6064952;6065007
6634195,1532781;6400492;6400557;6327271;6327290;6400485;4389013;4389006;6102456;4658131
6634115,6102449;528686;6327294;6400486;4677358
6634118,6064998;6400489
6634194,1532142;1382887
6634139,5613432;6065011;6327295;4015469
6634130,6065016;4376134;6064996;5652880;1249020;4389011;6102447
6634085,1532151;5652530;1382908;6065001;6065000;4015433;6400493;801851;4376152;1173160
6634100,5290698;6327248;5652890
6634176,6400559;4677358;5333878
6634096,5290720;1382904;6102446;4035745;885086;5613453;4015439;1382905;6634112;1173155;6064996;5613455;636792
6634165,4015422;1250401;5332628;5613439;4389001;4658160;729568;4015469;6064937
6651935,5333020;4389006;6327277
6634167,6327289;5332629;6065008;6102461;6400485;4388999;4389006;4658134;5652443
6634107,4376187;4376150;6400555;5613488;809871;809873;6064952;1183790
6634172,6065008;1382886;4658161;1532138;4015425;6327286;4389013;4658123;885098
6634154,4015417;1382904;6102440;4389006;4015424;5652520
6634134,4658136;6065008;6327273;6327272;5333437;5613457;6327271;5652931;6634164;963273;6327274;5652922;5613451;801851
6634112,6634096;6327248;4376146
6634091,6065012;6102440;6327248;6064997;4389006;4376140;1532142;146402;4376143;1173155;4035747;4015424;6065017
6634158,6102449;1249015;6400486;5290706;5652443;6064991
6634127,1382904;4677356;6102454;4376143;5652467;1532150;4677370;885086
6634174,663866;6102454;5290707;6400556;1382887;4677356;6065021;6400553;6327262;6065019;5332593;4658146;6102455
6327250,6065003;1173155;4015425;1532136;1532131;1249008;4015424
6327263,6065023;5613425;885095
6327264,6065023;5613424;6064990;885087
6327267,4015420;6064993
6327282,5613460;568118;4658138;6064986
6327259,5613447;5290706
6327275,5613431;4376144;4658127;5290713;5613450;4376154;1532122;729560;4376145
6327265,175815;4015439;146386;4015431;6064987;729560;5613436;4658149;5290702
6327256,5613439;5613440
6327251,6064992;4015417;4376154;1382886;1532126;1382907;4015425;4658145;4376153;1382884;4015435;5613445;1249030
6327274,4658136;4658140;6065002;6065008;4015433;4376143;1249008;4658146;1173160
6327248,801869;559226;4658137;5290752;5613450;1532136;5613426;6102443;6065005;4389008;5290690;6065015;5290702;1249023;5290692;5290695;6065017
6327246,6065018;5613437;5613452;6064988
6327247,146402;6065011;4677363;5613432;6064990;5333920
6327283,1532853;235199;4376197;5290731;5332611;4035764;6327281;4376132;885679
6327280,4376134;4376131;5290706
6327272,5290701;6102453;4015418;1532150;5332595;5290698;1532152;4035762
6327270,6102439;4376152;5290706;801869;1249030
6327269,6064957;175820;5290706;6064990
6327249,5290695;5613434
6327245,963274;568118;5613436;1532838
6327276,4658147;1532130;5290700;4376155
6327278,4658124;4376145;6064997;4376144;4376150;5290697;1173157;6065028;4376154;4658123
6327254,1532150;4015416;6065003;4658140;4015436;4015425;5613456;1382906
6327286,4658128;6064986;1382897
6327253,4658147;5290700
6327260,1532128;636718;4015425;5613456;5290712
6327257,6065014;4015437
6327277,5333443;5613456;4035752;4389006;4677370;4376146;4658131
6327273,4658136;5652931;5613426;5652530;885098;1532148;6065010;4376143;4658174;5613451;4658150;5290711;801851;1532122;485140;5613457;6065008;5613429;6065009;5290708
6327279,4015417;1382904;6102443;4376154;5290695;5290690;801869;4658145;4658137;1532126;6327248;1249030;4035752
6327268,5290745;1532142;6102449;885086;346302;4658163;6065027;4376166;809866;1382891;1382892;5290704
6327281,5613436;6064986;6327283;6065018;6065017;6064988
6327288,5613452;4376130;636793;6064996;4376131;559229
6327261,5652931;5613425;5613458;528686;663912;885694;1532131;1173144;4658149;5613457;5290722;885095
6327262,5613442;6102455;5332593;480803;1382887;1532144;6102454
6327266,4015499;6327282;5613460;485141;729570
6327285,963285;636718;5290695;4376146;1173153;4658128;1173148;4376134
6327284,6327281;5290720;6065018;4376145;5613431
6327255,235199;6065022;5290731
6327258,4658129;6065027;1382890;1173145;398857;5332611;5613449;5290731;6065022;5613435
6327252,5290721;1382906
6327287,1532140;4376150;5290770
6327271,5290722;4015425;885098;4015427;4376143;5613451;4658146;6065026
6400532,
6400491,1532148;6065010;5613426;801851;801851;4389006;4376146;5613429;6065009
6400537,
6327296,963273;528685
6400550,
6400556,1173149;1532134;6102456;4376188;4376140;4376136;1382887;528685;4658139;4388994;4388998;4677353
6400493,4376144;1382904;5332629;4677357;6065026;346302;729568;4388999
6327292,5652398;6102461;5290745;5652910;5652484;5332584;5652885;5333564;5652392;5332586;6102451;5333023;5333020;5332628;6064956;6064959;6064936;5652443;5653598;6102447
6400559,4658127;4677362;1382887;4677358;4015437;4388992;5652880;6102449;4389006;6102438;5333878
6400547,
6400486,146402;6102449;4388999;5332584;6102448;4677352;5652443
6327298,4658129;4677365;6102438;1532136;5652880;5333878;4389011;6102435
6327293,4677362;4035759;1382884;6102438;6400559;4389006;5333878
6400541,
6400540,
6400548,
6400489,1532138;4658163;5613467;5290725;6065024;809866;4015444;885086;1382895;4658123;1173159;1249015;146402;567787;5613498;4376155;5613468;1173161
6400542,
6400533,
6400551,
6400492,5652398;6327290
6400487,1249015;1532142;1382892;6065024;1382895;729568;4035766;5290704;5652885;5332628;6064985
6400485,6102456;5652931;6065010;6065008;6102461;6064996;5613452;4389006;885098
6400530,
6400549,
6400544,
6400535,
6327291,1532139;1532819;1173156;1249016;1173157
6400484,5333443;4389004
6327289,5332584;4388999;4677350;729568;5332629
6327294,528686;6400559;6102449;6102438;4389006
6400555,1250400;4015449;4376185;4376159;1183754;1532856;6064990;1532818;4015460
6400558,801853;6065012;1532126;1532788;4376154;4015418;5333020;6102440;4035752;1382890;4658129;4015424;4015417;4677365;4015425;4389006
6400557,6102456;6102461;4658131
6400488,1532142;5613440;5652392;1382893;5652450;6102439;6065026;1382892;5290704
6400560,
6400536,
6327297,4658127;4376144;5653598;4677361;6102445
6400546,
6400543,
6400538,
6400531,
6400554,1382904;1382905;885098
6327295,5332593;6065011;1532150
6400553,6065005;5290698;5290701;885098;5613440;5652530;1382887;1532152;963281;4658149;5290704
6327290,6102449;6102453;4389006;6400492
6400494,1532145;4389008;6102462;175815
6400534,
6400490,5652433;6065027;6102437;4389006;5652392;1532142;5332629
6400545,
6400539,
6400552,5290717;1382896;4376146;4658146;885092
6327217,5290739;4658198;4376150;6327215;1250362
6327212,5613495;1250390;1372176;4015486;1250404;6064976;5290736;964512;1250404
6327231,6064955
6327226,5613482;5652895;6064952;4658193;6064950;5613487;5613486;5613488;398859;5613483;4658178
6327234,568138;4015488;346332
6327219,809896
6327208,5613501;4376171;1532795
6327222,6064980;6064968;6064983;5290742;5613474;5613472
6327239,1250414;5290764;964516;568112;4658153;5613470;4658181
6327236,745310;1372224;6064943;4015501
6327205,6064972;4658183;4376171;6064945;1532839;4015464
6327211,6064960;1532817
6327220,4658155;5613472;6064961;4015499;4658156;235211;4376175;1372188;5290738;5613473;5290737;4376174
6327218,5290732;885694;1250414;5290695;5290742;4015473
6327229,5613504;6327228;4658123
6327237,1532776;175837;1372224;4015486;6064943
6327214,4376200;4376141;4658146;4376146;4015469
6327216,6064969;5290732;745292;146387;4376150;146386;175795;745294;1250362
6327238,4376198;5613493;1532807;5332611
6327204,4658183;5290727;1372235;6064947
6327240,5613460;5290763;809932;1532795;1250370;5613476;4658153;6064952;6064956;4015448;6064936;4376207;5290751;4015460
6327241,6064977
6327215,5290740;6064959;5290762;1532781;6327217;4658198;5290739
6327225,
6327233,809908;1250384;5290773
6327209,1532804;1532843;4376203
6327221,4376175;5613487;4376174;5613496;1532813
6327243,146373;1532839;4376169;1183774
6327235,4376197;6064958;1532807
6327227,5290734;4015467;1532802;1250400
6327230,5613487;6064950;5613487;5613503;6102457
6327242,4015471;6064959;1372208;1532834;1532833;1250395;1183785
6327244,4376165;4376168;4015447;4376167;4658163;4376167;4658174;485139;5290756;4658184
6327475,1183757;964541_06;4015488;1532808;1250384;964531;1372217;1250385
6327213,
6327232,1382894;1382895;1532138;4658163;885734;1249015;5613487;1532850;1173157;4658123
6327223,1532803;1372183;346331
6327210,4015464;1532781;809886
6327224,5613496
6327206,4658178;4015451;4015447;5613467;5613484;5613487;5290745;4658174;5613443;5290749;6064968;5290751
6327207,4658165
6327228,6327229;745337;1250384;4376185;1532833;5290766
6065014,729558;5290720;4376131
6064989,146402;1532138;5613439;809866;4015444
6065025,1173157;1382894;4015422;4376143;809866;559216;146402;5613439;1532138;4015444;4658160
6064993,4015420
6064994,4015420;4376154;5290690;4015419;5613497
6065005,5290702;4658149;5613434
6064986,528688;4658146;4376146;5613437;963279;5290695
6065004,964510;146361;5613457;5613441;4376138;4658123
6065027,885086;346302;4658163;5290745;485139;5332611;1382891;1382892;5333431
6065010,5613426;4035748;1532133;1249028;4376146
6065019,4015439;4677356;4376138;5652478;4388992;5652467;5332593
6064990,5613440;963286;4015425;5290706;485139;5613438;4015424;4376140
6064996,885091;885098;5613453;5290720;1382904;4015439;1532122;4658136;1382905;4376146
6064991,4658148;5613447;5290706;1532126
6064992,5613445;1382886;4376154
6065026,1532128;4015425;5290705;485141;4376154;146402;5332628;963283;729568;5613443;809866;4658123;4658149;5290704
6065002,1249008;4658140;4376154;4376143;4015425
6065023,4658197;1382906
6065015,5290768;1183788;1183754;964510;1372221;4015442;1532136;5290732;964538;5290732;235201;568118;885731;4376196;4376149
6065011,5613430;1382885
6065009,5613429;801851;4389007;963273;1532148;4376151;5613426
6065016,4376134;1249031
6065022,559216;5613425;4376137;5613436;809866;4658149;4015427;4376144;1382904
6064997,1532142;1532136;1173157;4015422;5613448;4015444;4376140;175790;4658123
6065021,5290710;4658140;1532150;559226;4015425
6065020,636786;559214;4658197;729558;1532818
6065017,5613425;5290720
6065013,801855;5290725;4389002;4658134;567787;5613468;5613498;1173148
6065000,5290697;4658125;1382908;4376154;885087;1382906;1173153;1173160;1532151;1249006;4376152;4015424
6065024,567787;5290725;4376155;1173159;5613468;5613498;1173161
6065028,6065003;4658140;4015425;1532150;1382906;1249008
6065001,5290717;4658160;146402;5613435;1532138;4015425;5290770;801866;1173160;1382894
6064987,4376133;4015431;1173141;885091;146386;5613436;1532128;1532142;5613430;5290702;1532145
6064985,1532145;5652433;4035766;5613439;5613452;1382895;4015421;4376144;1532142;146402;1249006;146386;4015422;1382903;5332628;1249015;5652450;4376143;729568;885092;1382892;5290704;636794
6065006,4376150;1173156;5290702;5290692
6065003,4658140;4015425;4376143;4015416;1532150;1249030
6064999,801869;4376140;1173160
6064998,1532142;346302;5652433;5332628;1382895;4658123
6065008,5652931;5333443;4015435;5290722;4658136;5613451;4677364;1532122;5333437;1532152
6065012,1382886;1249011;1249030;1173151;5290692;4015418;4658140;4015416;885091;4015424;4376140;4015425
6064995,1532129;5613440;4015416;4376154;1249006;4015425;5290692;5613443;4015424
6065018,5613453;5613452;4015435;4376143;4658147;1382902;1173148;175815;5613431
6065007,1382885;1532788;175815;809871;885678;963290
6064988,5613452;4376131;5613437;5290695
6102475,
6102476,
6102463,4677362;5333020;4658129;4035759;4389009;5290723;4677361;5290695;1532781;4677352;4658124;4376144;4677360;4677365;5333564
6102460,398870;5652398;5333920;4677363;801851;4389006;5332611
6102459,5290766;5333895
6102493,
6102462,885091;4658133;5290712;4389006;1382905;5652931;801860
6102495,
6102473,
6102474,
6102453,4658136;963292;963290
6102438,4677362;235203;4677358;5290695;4389006
6102485,
6102489,
6102466,
6102469,
6102481,
6102478,
6102454,5332593;5290707
6102442,4015419;5652398;5652910;4035746;5652443;4376154
6102491,
6102448,5652392;1249006;5290704;4658123
6102492,
6102445,5653587;4658138;4658127
6102497,
6102451,4376144;5290720;5290745;5652398;346302;729568;885086
6102439,4658125;5290691;5333893;4376152
6102496,
6102479,
6102486,
6102490,
6102440,4015419;5613437;4376154;4015424;5652520;885086;4389006
6102449,
6102446,1382904;5290752;5290720;4015439;5613445;1382905;729560;1173148
6102441,5613453;5290720;4015439;4376154;4015424;4035752;885086
6102461,5652931;5333428;5613439;5652940;5290725;885098
6102437,1532142;5652433;4035766;5332628;5613439;5290704
6102482,
6102450,1532821;4677368;5652460;5332611;1382893;5333431
6102480,
6102467,
6102468,
6102458,5290694;5333880;1532126;1382886;5652910
6102488,
6102456,5652478;4388994;5613451;1532134;5652922
6102447,4376134;5333023;4376131;5652879;4677358;5652932;4389011;4677365;4015424;5652885
6102471,
6102465,
6102455,1382887;4677356;4658126;4376138;4376137;4015427;5332593;4376139;5290707;5613424
6102435,1382902;4389006;5613431;5333878;5613452;4658127;1382884;4376144;5613437;4035759;4658138;4658124;4376143;4677361;4376132;4376133
6102470,
6102457,4658129;4376133;398857;5333020;5613487;5613488;5613450;5290711;5613486;4035741;885086
6102498,
6102472,
6102443,4015419;4376154;4035752;1532126;4015424
6102477,
6064968,4658183;4658153;4376171;5290756;4015464
6064955,4658196;1183761;5290740;6064977;1250394;1183764
6064973,346327;4658165;398877
6064979,4658198;5290740;4658199;5290739;1532833;5290741
6064962,1372206
6064938,146378;568136
6064961,1250379;5613502;1372212;398849;1532773;1532770;4015499;1532850;4015453;1532841;1250363;745295;1372188;745294;1532832;809905;885690;346326
6064964,4658186;5290729;4015499;1372206;1183795;964553
6064956,5613460;4015471;4015461;5613461;4015449;1250414;4376185;5290764;568112;4658174;1532834;1183785;4015460
6064953,5613467;5290728;4376169;5613465;5652940
6064963,4015440;5613475;964540
6064981,4376204
6064982,1183752;5290754
6064969,5290732;745292;146387;146386;4376150;175795;809905;1250362;745294;1250362
6064942,4376160;1183764;1250384
6064945,1372235;1250386;4376171;4015464;663875
6064954,4658159;5613469;745284;5290770;809896
6064958,1532853;398849;963273;1250402;568139;1532857;175792;480819;568116;5290694
6064974,4658169;4658178
6064943,1532776;1372224;4015486
6064944,5613476;745311;885694
6064937,4658139;1382887;1250401;4376188;4015469
6064977,6064955;1183761;1250394;1183764;4376189;1250384;5290774
6064978,1183757;663900;4376192;745311;4015441;1250385
6064980,398849;5290737;5613472;5613474;4376185;4658156;5290742;1532847;5613473;1532857
6064976,1532796;4015496;4376191;1250390;964514;4015486;1532850;964511;809908
6064951,5333911;4015489;4015425;4376166;5290692
6064959,5290746;4376185;4658153;4658191;5613489;5290740;1532833;1532818;4015450;5290763;5290762;1250414;1532834
6064941,
6064940,5613504;5652880;4015441
6064950,5613487;4376187;1173149;5613489;1382904;1532795;5290771;1532143;5613488;5613487
6064984,4658169;1250418
6064946,4658171;1372174;4376189;964498;1532810;663848;346331
6064936,5613460;4376209;4376165;4015449;1250401;4015448;1532833
6064970,5290768;5613501;568137;1250353;5613474;964540;5290734
6064967,4658165;5290764;4376169
6064957,4376199;4015474
6064983,5613473;5290742;5613474;4015450;5290732;1532818
6064947,1183772;4376172;4376169;1250376;5290727;4658183;5613467;1532839;4015464
6064948,1532839;5613467;6064947;5652940;809932
6064965,4658159;346321;4035742;809871;4015447;1250401;4658163;5613488;1250402;480809;4658174;964531;5290749
6064952,4376187;4658159;5613487;5613488;346302;5613441;398859;809871;6065007;885678
6064972,1532830;1372214;4658165;1183821;4015452
6064949,175782;5290780;1183820
6064939,1532839;1250376;1372214;885716;4376169;5613484;1532770;1183786;346326
6064960,5613460;4015490;5613461;4015449;4376182;4658188;5613459
6064966,5613501;4015487;5290753
6064971,1183789;1532830;4376209;1532831;4658155;5613499;1532848;1532850;5613500;885690;5613462;1372196;745296;4376173;5290738;4658156;4015451;1183821;4376212;5613473;4015452
6064975,5613492;745319;4658154;1250414;4376159;568112;5290762;4658153;1250386;1250413;885694;1532856;663875;4015460
5613451,5333443;4376134;4658136;4658131;1532133;1249028;4677364;5333437
5613441,
5613455,1382905;567746_1;636761;5290695
5613440,568118;146402;4015425;4376153;4376152;5290692;885086
5613453,5290720;4015439;1382904;4376131;5290702;235219;5290718;5290719;4376146;1382905;885086
5613432,5290698;5290701;4658133
5613433,480803
5613456,4015419;5333443;885098;5290725;4658140;4658133;5290723;5290722;1532126;4015432;4015425;745302;5290726;528686;4015423
5613445,1173156;1532124
5613434,4376131
5613429,4658136;4376151;4376143;801851;4658146;1532144
5613428,5290720;5290692
5613431,4376144;4015420;4376134;5333878;4658124;4035745;4376131;4677358;4677365;4376143;1532136;729560;4376133;885086;963289;885092;4658129
5613438,4658146
5613458,4376134;4376144;5290722;5333443;1249031
5613435,4658159;963286;4658166;5290705;1173145;5290770;809866;5290731;4015444;1382892;346302;4658123;5290765
5613437,5290711;4658147;963289;5290700;4376144;5290708;4658124;4658138;4658127;4677365
5613427,4015439;4376151;4376132;5290692
5613452,4376131;4376146;4658129;4388992
5613424,1382888;4658149
5613449,4035748;5290722;5332611;4658130;5333919;1173151
5613439,1532142;4015422;146402;4035766;5332628;1532136;729568;636793
5613444,4658143;4658145;1532124;1249004;175815;1173152;1173148;636718
5613436,885091;1532145;1382885;1532144;4376151;963283;963290;4658138;801860;1173153
5613425,4376139;4658149;4376146;4015427;885095;4376132;5290702
5613426,5333895
5613457,5290722;1532122;4376132
5613442,1532139;1532138;5290770;528685;175815;1532122;1382894;885098
5613448,5290697;1532142;4376168;5290705;5332586;1532141;4015436;1382901;4376140;1249011;4658123
5613450,4658136;4376134;963273;1173155;801851;4035762
5613430,1382885;963291;663916;963291
5613447,4658148;4376154;1532126;4658145;5290706;4015435;4015416;4658142;4015424;398863;4658123
5613443,146402;146386;1382895;636793;1173157;175815;809866;1382894
5613446,4376155
5613454,1382904;5290715;4658131;5290720;4376131;885086
5652879,4658129;4677358;4376145;5333020;4677365;5333023;4376131
5652958,
5650177,
5650199,
5652484,4677352;4677350;5332584;4388990;5333428;4376142
5649831,
5650854,
5652880,4035757;4389006;4035758;4376131;4677358;4376145
5652467,5290707
5652885,146375;1532136;4376134;4677365;4376131;5290723
5651676,
5654445,
5653599,4376144;4658127
5651192,
5653822,
5652922,5333437;5333443;5333878;4677364
5652392,1249013;346302;4015439;1249015;5290704;1382893
5652478,801851;4376136
5652968,
5650815,
5649905,
5652450,
5652460,4658159;4677368;5332611;4389000;4015424;4658123
5652895,
5653598,4658129;4388992;4677365;4677360;4389009
5652433,1532145;1532142;663916;4035766;5332628;4658161
5652890,4035762;4035754
5651694,
5652443,5332629;1249015;1382891;5290704
5652532,
5652520,4658129;4015419;4035749;1382904;4015439;1173158;346302;729560;4376154;4376133;4389006;1532129;1382905
5652910,4015419;4376129;5333878;4389006;4035746
5653580,
5650251,
5650219,
5652896,
5653587,
5652940,5333564;4376169;146402;528686;5332629;5290728
5652931,5333443;4389005;4658133;5290722;4658136;5290726;1173155;801866;4389006;1532122;885097
5650766,
5652398,4376144;1532139;5332628;729568;5290745;885086;4376140;4677369;346302;4658123
5652530,963273;636789;963288;801851;1249027
5652926,4389004
5654451,
5651617,
5652951,
5652932,5290715;4389006;5333245;4677362;4376131;4677366
5613463,4658162;1372240;4015467;4015475;1249008;4015450
5613505,4015470;4376163;1183793;5290744
5613461,4658159;4376173;4376165;4015449;4015453;1532832;1532831;4658174;885690;1532833;4376210;1183785
5613460,4376165;1532781;4015449;559213;1532834;885096;4376144;4015461;1382903;4376143;4658174;4658127;636792;1532833;885092;146375;1183785
5613484,1532842;964507;1250376;663858
5613480,5290768;1183754;1250400;4015467;4658165
5613466,
5613465,663875
5613492,745713;663886;1372176;480789;1183762;5290780;4015502;4658152;885683;1532808;4658188;1250384;5290775;480807
5613469,4015490;4658159;809896;1532851;5290770
5613478,1183766;1250414;1372235;964516
5613495,1250404;4658172;235223;1250404;1250384;4376206;5290736;4376164;1372217
5613471,4015467;1250400;1532856
5613477,5290762;1532807;1250414;4376198
5613474,4015467;5290742
5613494,346331;1372173;1532810;5290775;1250384
5613496,4658155;4658156;1532795;5290737
5613504,1532778;4376144;1372220
5613491,964498;346331;663848;1372174
5613473,146395;5290738;4376157;1532857;809905;4658156;5290742;964506;1532858;1532855;4658177;1372196;1250376
5613479,346321;1183757;964541_06;4376192;480809;964531;480812;1250385
5613499,5290738;4376209;235211;4658156;964506;4376174;398875;5290756;5290737;4015480;4376175;4658155;1532780
5613498,5290742;398846;4376210;175794;745333;235211;4658163;5290738;809917;663910;745296;175771;885690;885689
5613486,5290748;1173149;528685;1173157
5613485,4658178;4658167;4658158;4015476;485155;4658175
5613472,4015450;1250414;4658156;235211;5290738;398875;964506;885694;4658155;5290737
5613483,5290731;1173145
5613459,4015490;4658188;1372234;568103;964515;175782;663875
5613490,885683;885694;146391;5290780
5613506,5290744;1183793;4015470;4376163;885684
5613488,235222;809871;1250401;4015446;1250402;729568;5290749;4389013;398859;5290704;4376186;4035762
5613482,5290705;1250412;146402;1183814;4658177;4658164
5613470,5290763;5290764;4658169;1250412;4376159;964516;5290762;4658153;1250413;809932;4015460
5613464,885709
5613462,4376209;1532851;4376212;5290737;4376174;1372213;4658156;5290738;1532832;809896;235211;4658155;4376175
5613502,809905;4015499;745294;4015482;175773;5290754;4015498;5290756;5613473;398849;1250414;346326;663929;1183797;1250376;1532774;1372188;4015487
5613475,1532806;4015440;1372206;4015443
5613503,809890
5613468,1173159;567787;4658134;5290770;1382891;4376155;4658123;1173161
5613476,1532855;1250370;5290762;4376198;1532807;1250369
5613493,809908;175805;5290733;4015500;346331;1372173;5290780
5613500,1532831;4376173;346312;1183789;4015453;885690;745295;1532832;1532834;5290761
5613467,1372235;4376171;4015464;4376172;4376169;1532839
5613489,4015449;1532834;1532833
5613497,4376159;568112;1183758
5613501,5290734;1532850;5290707;4658152
5613481,1250358;1250360
5613487,1173149;1382904;809871;1532143;5290745;398857;4658193;4376146;745289
5290699,4015419;1382906;1382909;4015424;4015425
5290700,4658147
5290719,809891;4015422;636790;4015496;1382904;1173156;4376147;4015439;4015444;1382905;885092;4677357
5290695,4389008;1532136;4658137;4015417;745289;4376144;4658124;235203;1382903;1532124;729560;1382902;4658146;636792;1532150;146375
5290690,4015425
5290698,4015418;4035762
5290706,4015419;1532150;4658142;4658148;1532126;4376140;4658123
5290717,4376134;4658133;1532125;1382896;1532122
5290709,1382900;1173146;4376149;1382891;963291;528686;963291;963274
5290702,4376144;1249006;146386;4658146;4376146;1183791
5290696,4035744;963287;1249024;4376131;485139;4376133;559216;4389006;4677370;4658123
5290691,4015421;4376143;1382907
5290723,
5290725,809866;4658134
5290710,4658140;4015425;4015422;1532150
5290707,885086;485139;346302;4658123;1382905
5290693,
5290715,4376131;729560;4658133;4015439;4677366;4658131;4389011;346302
5290697,1532124;559216
5290704,1532142;1249015;729568;4015421;1382891;1382892;1382893;4658134;1382895
5290713,1382904;729560;4035758;4389011;1532143;4035757;4376145
5290726,4658133;1532781;4376131
5290692,1532134;4015425
5290722,1532122;4376131
5290720,809864;1382904;4015439;4376131;729560;4389011;4658136;1382905;885086;4388996
5290712,175815;4015432;528686
5290705,4658159;1532139;663867;146402;1532141;663916;4015422;663866;567800;1532138;1249015;567787;729568;1249008;1173157;809866;1249023;4015444;1382894;1382895;4658123
5290708,4389009;1532139;175815;235181;4015432;636793;4658127;4389006
5290701,528685;4658147;4658140;4015418;963281;963281;4015425
5290694,1382887;485140;1532144;4015426;4376136;4376143;801851;4015427
5290716,963279;4658138;1249009;1382905
5290711,1532122;4389008
5290714,4677358;4376145;4658146;4658144
5290718,1382904;1372194;1173156;4389013;4376155;729560;636792
5290721,1532138;1173155;1382889
5290703,
5290724,885091;4658133;4658140;4658127;1382909;4658142;175815
5332611,4677368;4389000
5333880,4389006;1382909;1382906;4376154
5333451,
5332596,636793
5333472,
5333099,
5333417,
5333020,1532136;4677362;4388992;4658129;4389006;4677365;1382890;4389002;4376144;4389001
5332628,1532142;729568;1249017;346302;4035766
5334463,
5333469,
5333023,4677362;4389006;4389011;4035749;4677365
5333437,885098;1532133
5334426,
5333967,
5333878,4677362;4677360;4035759;4389006;4677358
5332595,4035762
5333920,885098;636789;4376134;963273;4376132;4376131;4677363;1249027
5332610,809930
5332586,4376168;1532138;4035743;1382894;485139;1173157;809866;4015444
5334300,
5334430,
5333474,
5333081,
5333453,
5332584,4677356;4388999
5333564,885086;4389009;4389006
5333428,
5333895,1532827;1532828;4389006
5332481,
5333431,4677350;4389000;4677363;4388999;146402;4677352;4677368
5333961,
5334462,
5333443,528686;4376132;4658131;4658133;4389006;4015424
5333082,
5333420,
5333421,
5332485,
5332593,1382887;146402;4376136;4376135
5333436,
5334456,
5333911,1532828;1382894;1372232;4015422;4015444;1532138
5334460,
5332629,1249017
5333917,398859
5334454,
5334301,
5333245,4035759
5333950,
5333946,
5333893,4015433;4658140;1249011;4015425
5333438,
5333919,
5333965,
5333968,
5333248,4658133;4376131;4677359;4389004;4389006
5333468,
5290758,4376179;5290760;1532777;1250413;1532778;1532779;1532772;1250379;1372220
5290741,568118;480803;4658199
5290731,4376198;568105;885679;1173145;1382903;4376197
5290747,4658169;1250418;4658153;964519;1250384;4376171
5290765,809887;4015460
5290728,1183772;4376169;1372235;1183774;663875
5290764,745319;4658198;809932;1250414;1372235;4376159;4658153;964519;1250413;663875;4015460
5290766,1372221;146378;1250412;4015478;485139;568136;4015489;4677354
5290744,964508;1183793;885684;809883;4376163;4015470
5290761,346338;398867
5290732,567777;1532831;1372179;1532772
5290770,4015490;4658159;4658160;1532139;5290705;4015422;146402;1532138;4658188;1173157;809866;4015444;1382894
5290734,4015466;1183754;964540;235194;1250353
5290778,4658196;885692;1250394
5290742,885694;4376178;4015442;885696;1532778;4015487;1532859;4015478;1532858;4376160;567777;1372190
5290760,885739;175794;567787;1372220;5290758;346302;1532779
5290736,1250404;1183824;1250404;1532795;1250385;4015458;4376197;663888;4376206;1372192;4015476
5290772,4658162;4015420;4015475;729558;4658197
5290777,346318;885704;235222;1532804;4376203;346324;398869
5290780,885683;1372176;1532793;4658195;1250384;4658152
5290739,568118;4658198;4015473
5290752,4658146;4376166;4658124
5290737,235211;964506;4658156;398875;4658155
5290748,663867;4658193;963273;4015444
5290746,4658160;146402;4376143;1532141;567800;1382890
5290753,1372203;4015487
5290776,4376195;4376194;1250384;1183780;4015463;1532811;885694;1372231;4376193;4015465;1372233;4015487;1532858;1372203
5290729,4658186
5290750,1250375;745299;663895;745300;1250373
5290773,1372190
5290727,1372235;4376169;663875
5290774,1250384;745309
5290743,964508;1183793;809883;5290744;4376163
5290730,1250414;1183787;1183785
5290768,1250353;235203;4376185;1372221;1250384;964538;4376204;1183754;1250396
5290759,4658169;1532853;4376198;1532778;1532779;568116;809894;1372220;964552
5290740,745319;885694;4658198;1250414;4376159;1372208;4658153;4015473;4658191;4015460
5290735,809896;4376173;1532851;745296;1372179;4376212;4658172
5290769,480803;745292;4376150;885679;663874;146383
5290756,4658173;398880;4376205;4658184;663930;4658166;809896
5290767,4658151;1250357;4658182;809912;4376178
5290754,1532780;4015450;1250379;1372188;745294;4376178;1183797;346326;1532771;1183798;346326;1183799;4015480;745316
5290763,4658159;745319;1250414;1250371;1532807;4658153;964519;1250413;1532858;4015460
5290779,1183810;885681;885703;663860;663869
5290762,1250414;809932;4658153;964519;1372209;1250413;4015487;663875;4015460
5290738,4376209;235211;398875;964506;4658155;885688;4658156
5290733,4015483;346331
5290771,4376187;1532795;4376131
5290751,4658163;1250383;663871
5290755,4658178;4376191;1250390;885739;146402;1532788;4015444
5290745,4376165;4658178;4389001;4389000
5290749,4658160;809864;1372194;1250402;4376167;636793;4658174;4035762
5290757,4015466;1532856;4015499;1532777;1250425;1532854;885694
5290775,346320;1250384;1250412;745713;4015486;885683;4015483;964490;1372230;745300
4658124,963289;1249020;1532151;1382899;4015436;1382884;4376144;4015416;1532133;1382900;1532126;4035752;346302;4376132;1532132;729560;4376151
4658125,885091;963278;1532148;1173156;559214;729558;1532132;1382906;1173151
4658137,1532151;4015435;4015424
4658127,4376144;4376131;4389006;885092
4658146,801854;4376146
4658128,4376134;1382897;1249031;1532122;4376145
4658144,1532136;1382885;4015421;885092;1249015;146375;4376131
4658142,1173159;4015419;4015435;1532126;1382909;4015434;1173148;1382906;801854
4658140,4376143;4376155;1382909;1249008;1532150;1382906;1532138;4015425
4658129,885086;398857;809871;1382890;480801;4376133;4388992
4658134,809866;175815;4389002;567787
4658145,4376154;4015417;4035752;4015416;636792;4015425;1249011
4658148,801860;146402;963288;1249016;4389006;1532139;175815
4658126,885102;4376137
4658141,1532819;4015433;1249011
4658135,4015429;4015429;1532856
4658147,1382886;4376131
4658143,1173159;1532145;1532126;1382906;4376155
4658123,4376144;4389013;4376131;146386;4035743;1532136;346302;729568;485139;1249016;885086;1382892;1382905;4376146;1382895
4658149,963283;963290;4376129;4376152
4658136,4015420;1532122;4376131;885098
4658138,1382885;1173153;1382905;963290
4658133,1173155;4389006;4376131;1173148
4658131,4376138;4376132;4376131;398863;1532122;567610
4658132,4376141;4376131;4389010
4658150,
4658139,1250401;4376136
4658130,4376187;559210;1532134;963279;146402;4376141;4035756;729555;963287;885086;4376146;4389013;885091;4376131;4015425
4677380,
4677374,
4677377,
4677363,
4677396,
4677391,
4677389,
4677393,
4677365,1382890;559213;4376131;1532788;4388992;1532136;729560;1382902;4035747;885092;146375;1183791
4677358,4389011;4376133;4376145
4677355,4035741;963281;1382887;1173160
4677351,
4677362,4035744;4389006
4677373,
4677388,
4677395,
4677390,
4677360,4389009
4677367,4388999
4677385,
4677384,
4677386,
4677375,
4677372,
4677379,
4677357,4035755;4388998
4677394,
4677387,
4677352,4035755;4388999;4388998;4389003;4389000;4035765;4035754;4388992;4376186;146402;146386
4677370,4015439;4035745;1249024;885086;346302;729560;4376133;4389006
4677368,1532142;1382902;485140;485139;1382892;1382893
4677364,1532122;801851
4677356,
4677378,
4677366,4376131;4015432;4388996;1532133;398874;4389006;4388991
4677354,963294;4388991;729566;485139;4388993
4677392,
4677353,4388997;4388998;4388993;4035759;4388991;4388996;4388994;4035751;4015458;1382887
4677383,
4677376,
4677381,
4677361,1532781;4035765;4376137;4389006;4389005;4389009;528686
4677350,4376136
4677359,398863;528686;4389004
4677369,963273;801851
4658196,4015478;1250395
4658183,1532839;745329;1372235;4376172;745312;885680;885703;4015464
4658194,4376202;4015479;1532790
4658199,
4658171,346331;4376189;964498;398851;1532811;1532810;1372174
4658163,1249024;1173157;485139;801858;567800;1372196;745289
4658198,398874;568118;4376200;4015448;964510
4658159,4015490;4658188
4658154,4015450;568110;1250384;1183762;1183777;4376160;1250381;885694;1372190;1532856;568108
4658187,4015490;885704;346308;1372234;1250355;4015483;1183808;4376205
4658181,4015442;885694;4376160;1250353
4658162,
4658200,4376136;4376188;1250400
4658185,1532773
4658160,809866;4015444;1532138;1382894;346302;885739
4658197,636786;1372190;559215;1250400;559214;729558;1532818
4658156,398875;964506;1372234;235211;235226
4658186,
4658168,1250425;4015499;4376196;745294
4658178,1532138;346302;1532850;4015444
4658174,480809;1250402;4376165;4015449;964531;346321;809910;1372190
4658170,1372217;175771;1372188;1183798;398849;4015499;4015482;175781;567777
4658165,4015446;964519;1372214;4376165;1532830;4015447;1372235;1250374;4376167;1532848;663875;1532835
4658193,1382904;745289;1532821;1532143;1250417;1532850
4658158,1532792;398850;1532794;175818;1372217
4658169,1250418;964519;663875;964516
4658184,1372212;4376179;809896;175773;346326;346326;146359;4376174
4658179,885694;1183762
4658173,1183808;4376205;663930;4376170;4376183;4015483;663887
4658195,885704;1532792;4035755;1183820;1250402;4376167;398869;1532793
4658191,4376187;4376144;4015466;809871;4376143;4376185;885694;1249009;4376160;1532835;1532788;4376159;1532834;1532856;4376170;1532833
4658188,4015490;4658159;964519;964515;663875;964516
4658167,1250370;1250384;1372237
4658153,1250414;809932;885694;964519;1372209;1250413;480812;1250369;1532817
4658155,485141;398846;235211;964506;398877
4658172,1183773;1250357
4658166,4376165;4015446;4376166;4015447;4376206
4658190,885705
4658151,964519;1250413;1250414
4658177,809905;1532802;175811
4658161,1382895;663916;729568
4658192,4376187;4376131;1532834;1532833;1532788;1532795
4658189,1183784
4658176,4015458;1532803;4376197
4658182,1532859;663917;4015478;4376178
4658180,4376196;1183754
4658175,1250404;4015476;485155;4015458;235222;1183824;4376197;1250401;1532803;1372183;4376206
4658157,4376175;4376174
4658164,1250402;4376164;4015494;1372194;4376167;964519;1532792
4658152,398853;885683;4015500;964490;1250414;346331;1250390
4376143,1249018;885092;4015422;1532819;1249008;809866;885091;745301;636789;1173156;1249019;636792;528685;1382895;4015444
4376130,1173148;1173158;636718;4035741
4376146,801854;963279;1173148
4376147,1382899;1532128;1532129;1173156;1382907;801860;4015431;1173148;1532132
4376134,1532126;1382897;1249031;1382903;146375
4376153,1532129;1173148;1173153;885091;175815;1382885;1532152
4376135,
4376139,1532122;4015428
4376145,885091;4015437
4376138,528686;1382904
4376137,1382904;146402;1532149
4376131,1532122;175820;1249007
4376155,1382906
4376154,4015417;4035752;1532126;1382907;4015433;1532129;4015424;4015425;1382905;1249011
4376151,1532136;1532838;1382903;146375
4376132,801862
4376142,398863;745302;963287;963273;885097
4376133,885086
4376149,1382891;1382900;1173146;528686
4376144,346302;1532136;559213;175794;1532126;885091;801860;885086
4376140,1250400;146402;4015424;175815;1249008;963279;4015425
4376129,4035756;1173156;1382888;175815
4376141,885086;346302;559210
4376148,1249025
4376152,801860;1532145;4015431;175815
4376136,1382887;1532122
4376150,1532140;1250362;809905;1532137
4388990,4015469
4389000,346302;4035758;1382893;636793;4035747
4389003,729555;4015428;528686;885098;4035750
4388998,4035755;1532792;1382902
4389022,
4388999,663916;1382895;801859;1382894;146402
4389013,885086;146386;175815;1249026;4035757;1532139;4035764;4035743;1532136;636793;4035763;4035747;1249016;809866;146375
4389011,175820;4015439;4015427;4035757
4388991,
4389025,
4389028,
4388997,
4388989,
4389036,
4389001,4015431;729568;146402;885086;346302
4389034,
4389006,528686;1382887;4035749
4388993,
4389004,
4389005,4035750;4035765;568118;729568;801858;1532122
4389030,
4389002,528686;567787
4389008,729565;1249006;1382890;559227
4389023,
4389018,
4389024,
4389007,963273;963279;1249020
4388992,1382887;4035754
4389026,
4389019,
4388996,
4470207,
4389020,
4389010,4015419;1532126
4389033,
4389032,
4389038,
4389016,
4389037,
4389015,
4389035,
4389021,
4389012,4035748
4389027,
4388995,
4388994,4035751
4389017,
4389009,801851;528686;4015417;1382907
4376190,1250406;1250384;1183762
4376162,809883
4376158,1250414;885694;1183777;5613473;1532856;480795
4376200,4015471;1532834;4015448;1250412;1532149;4015502
4376183,885706;1532823;663887
4376188,1250396;4015469;1250401;1250400;1532836;1532782
4376212,809896;1532851;745296
4376196,1250386;1183754;4015449;1372221
4376175,1372196
4376172,1372235;885680;745329;745312;1532839;885703
4376181,
4376174,809896;1372213
4376160,1250414;4015450;885694;663912;1250394;4015442;1372209;175805;4015472
4376209,1372214;4015497;4015451;146359;1532851;809896
4376199,1532782;4015473;964505;1249022;4015474
4376204,1250384;745311;1250386;1372237
4376157,885696;4015466;1250400;4015449;1250401;1382903;1183777;4015467;964519;1372190;885694;1532856;1532818
4376208,1532796;4015496;1250390;4015501;1250384;745713;745300
4376201,4015479;1532790
4376166,885739
4376177,1250358;1250357
4376170,1532839;1532807
4376189,1372174;964498;1250384;1532811
4376202,4015479;1532790
4376185,1532834;4015449;1532833
4376193,398882;1183769;1532822;1183780;1372208;4015487
4376210,1372207;809873;1532858;1250372
4376165,809865;1250372;4015447;809905;4015473;1250383
4376186,
4376187,1532781;1382890;1372192;1532788;1532795
4376184,1183796;4015488;1532800;4015484;964532
4376163,964508;4015470;885685;1183793;885684;809883
4376191,4015496;1250390;4015450;964514;4015449;4015501;4015486;885683;1250384;964512;809908
4376207,964519;1250413
4376159,1372194;1532792;1532807;1250414;1372209;1532856;4015446;4015460
4376203,568120;1532804
4376173,1532831;1532832;1372198;964530;4015453;885690
4376180,1532780;4015499;1250384;745294;809886;1532779;1532777;809904;4015480
4376182,1250418;964519
4376176,1250374;885694;745288;567807
4376161,1532786
4376164,1532793;235219;1532795;175794;1372217;885092;480821
4376169,1372235;745303;235215;809932;1382888;663860;663875;1173159;1183772;1532839;1250376
4376179,809894;1532777;1532841;346326;1532778;346326
4376171,1532839;1532783;1250356;1372235;885680;885703
4376205,1183766;1250414;1250363;4015483;1183808;885705
4376192,1183757;964541_06;1372194;398845;1250357;480812;1250385
4376194,1532859;559215;885733;4015487
4376198,1532807;235199;1250414
4376167,1372207;1532792;809866;4015447;1250362
4376211,1372186
4376168,885745;146402;885736;1249015;4015447
4376195,1250404;1183811;4015487;1372203;4015464;1250404
4376206,1372230;1372228
4376197,885679;1183769;1250404;1532807;4015476;4015458;1372187;1532853;568116;1183824;568105;1173145;1532803;1372183
4376178,1183799;1532859;1372220;4015480;1250368;4015478;567777
4015416,1382907;1532127;1382906;636718;1382909
4015419,1249011;1382909;1382886;4035752;636718;1382906;1532126
4015438,636786;1532128;559214
4015429,
4015422,1372186;1532819;1382905;809866;1382895
4015432,729555;885086;1173156;528685;175815
4015425,1382886;1249008;1532150;1249030;1532129;636718;1173152
4015435,1532130
4015417,1382905
4015421,1382900;1532819;1382895;485139;885088
4015420,
4015424,1382886;1532124;1532126
4015434,636718
4015439,729560;1173141;1249007;885086;1382904;1382905
4015428,
4015437,1173156
4015423,1382908;963279;1173160
4015436,801854;1173156
4015418,1173153;1173155;175796;1183778;1249028
4015433,1382909;1382906
4015430,1382908
4015426,745303;1382888;1250410
4015431,1532781;963290;175815;1532125;801859
4015427,
4035762,963273
4035755,809930;1532792
4035744,1382887
4035759,146375;1382902;636794
4035758,
4035746,
4035754,559226
4035764,885679;1173145;485139;1382902
4035750,729555;1249019;175815
4035749,1249014;1532131
4035747,1532146;1532136;963287;559210
4035751,1382887;964541_07;1532135;1532131;885097
4035753,567787;1532819;1173161;1382891
4035756,885091;729567
4035752,1382886;559210;1532136
4035766,1532145;1532142;1532782;1532781;885092
4035761,
4035765,801855;528686;1249009;485140;1382893
4035741,1249010;175815
4035757,
4035763,1173157;1532139
4035768,
4035748,1173155
4035745,1382904;1173155;1382905
4035743,
4035742,1183789
4035760,
4015501,1250390;663853;885683;1250384;964512;567606
4015455,528691;963287;528692;729565;801864;885099
4015440,964540;1372236;235231;1250384
4015502,1250388;1532812;1250412;398852;885683;964519;1250384;809908
4015456,663890;663896
4015487,885694;1250394
4015453,885690;745295;1532831;1532832
4015477,885745;1250390;745330;235215;568112;1250383;146361
4015462,964552;1372223;885733;885734
4015481,1250379;663858;1372213;1372188;1372196;346326;398849
4015470,1183793;885685;885684;809883;964508
4015468,1532856;1372190;1532857;1532835
4015450,885694;1250400;568110;1183762;1183777;809882;885694;1372190;1250384;1532856;1532818
4015479,1532790
4015445,636786;1532127;1173156;1532127;1183791
4015457,1532795
4015463,4015482;4015498;663894;1372231;5613500;964507
4015499,1372187;745294;1372188;1183797;485141;809905;1250379
4015495,1532794;663888;1532785;1532802
4015471,1250414;567807;809893;1249004;1532834;1532857;1532833;1183785;1250402
4015472,
4015467,1250400;1532783;1532856;1532807;1250384;559215;1372221;1532817
4015500,346331;398851;1532811;1372174;663848
4015488,809867;885711;1183768;568138
4015466,1250400;885694
4015454,346311;809864;398880;809891;1532800;663888
4015441,1183757;1250384;1532794;1250391;1532799;809908
4015460,1250384;1250413;1183764;745319;964519;1250412;568112;663875
4015483,175782;885705;663930;1250414;1372230
4015465,1183758;1250377;1532795;235211;1532811;1250361;885683;1532794;1532793;346315;885689
4015480,1532859;1532772;1183799;1532773;1532778;567777;1532779;1372220
4015449,1532856;1532834;963286;1532833
4015491,745713;1372228;568121;1372230;745300
4015486,1250406;1532796;1532776;1532809;1250404;1183757;1183771;1372224;1250390;809867;1372181;1250384;885683;1183778;1532808;1250389;480790;1372226;1532801
4015476,235181;1183824;1250404
4015493,745713;175780;745299;568121;809910;1183810;745298;809879;1372230;745300;1250373
4015443,1532832;885690;1183789;480795
4015461,809871;809908;964519;480812;1532781;1532833;963283;1532834;1183757;663869;1183791;235230;663875
4015484,1372189;1250408;964533;568125;1532800;1183794
4015446,398869;1532856;1372194;885694;1250402;235222
4015447,809865;1372207;1372239;809905;1250362
4015475,636786;1532818
4015490,346334;964519;346331;175782;964515;964516;663875
4015485,964541_08;1250408;1532800;745282;964532
4015444,636793;809866;1173156;567800;1532138;146402
4015496,1532796;745713;1250390;1372227;1532793
4015442,1532782;1532859;1250394;1532835;964538;1249022;1532855
4015497,1532776;346313;1250363;1532842;809892;809897;5613473;885716;1250364
4015448,1250414;1250412;885694;1183777;1372209;885696
4015494,1532792;1532794;809910;568121;1250412;964519;745311;885698
4015458,
4015474,5290732;636792;885092
4015482,4015463;1532770;1532773;4015498
4015498,745294;1372231
4015473,1532782;1249022
4015464,1250376;1183772;1532842;885716;1372235;1250408;1372214;809907;745288;1532839
4015492,568121;745298;1372230;1372228;663895;809879
4015459,964526;885692
4015469,1250401;175792;480819
4015489,745319;146378;885735;885678;1532788;568136
4015478,1532859;1250399;1532780
4015451,567807;809896;1372195
4015452,663894;1183789;1532830;745296;745288;809896
1532145,963283;1173152
1532123,
1532147,
1532132,885091;1382899
1532141,485139;1249024;1249008;1173157;1382893;1249015;1382895;1382894;809866;1173151;346302;663866;146402
1532146,885091;885093;636718
1532122,1382897;885098
1532130,
1532131,
1532129,885091;1173148
1532150,528697;559226
1532142,1249006;1382892;1382895
1532135,
1532148,801867;801851;485140;801860;885086
1532152,398870;559226
1532124,1382899;636718;175815;1173148
1532136,146375;729560;885092;1382884;963289
1532140,528691;568111;809866;885677
1532139,146386;146402;1249016;1173157
1532127,1173156;1382905
1532138,146402;809866;1382894
1532137,
1532149,963273;963274
1532125,801860;964541_09
1532153,
1532133,963274;1173160;1249014;801853
1532144,
1532134,1250415
1532151,1382886;559226;1249009
1532143,1173141;1382904;1382905;559213;636792;1173142;885092;1173163
1532126,1382886
1532128,1382900;963283;175815;1372178;235217;801860
1532770,663929;745291;346326;346326;1372188;745294;809886
1532795,567746_1;146416;480821;175794;663895
1532834,480789;1372235;1183774;1532833;663875;1183785
1532846,964508;1250351
1532787,480821;1183812
1532797,663860;1183783;745282;567600;1183796;1372189
1532789,
1532785,
1532783,1372184;1372221;1183754;346327;809912;1250353;964517
1532817,1250388;1183820;1183777;1250386;1372190;964517
1532828,663907
1532794,1183758;1183757;809910;745300;1372191;1372192;809879
1532819,963282;1382906;1173148;1249011
1532779,964549
1532826,
1532854,1372182;885694;1250386;809905
1532799,1183764;398852;964521;1250388;1183775;1250390;1183776;1250384;1372175
1532771,745316;235193;1183799;346326;809894;885690;398849
1532842,809907;1183786;885714;175773;885716;964507;1250376
1532851,1372213;346327;809896;235211;398875;964506;745290;745296
1532837,1250396;663914
1532848,964541_04;485146;1372214;235211;398848;1372196;398850;1250372;568121;1372213
1532832,885690
1532778,809894;1372220
1532816,745713;964513;346331;146391
1532776,663886;1372199;175818;480821
1532827,567600;745282;663860
1532815,885683;1372176;1250390
1532812,636718;809908
1532805,1372181;663882;1250384;567608;1250404;964519;1250388;964490;809909;1250386
1532773,1372212;235193;885716;1183797;346326
1532772,1372186;1250378;1183797;567777;663912
1532858,485141;398846;1250378;567777;663912;1250361;809905;885694;885689;1532857;885696;398877
1532857,964541_06;809910;346321;567807;809879;1532858;1183777;885694;1250386
1532855,1183777;885694;1250387;885723;1372190
1532796,1372227;809908;745283;1372176;1250390;1183778;745329;1183767;885711
1532821,636793;885739;146402
1532849,1372225;964490;809916;1183823
1532825,346331;175782
1532804,480804
1532782,5290732;568112;567784
1532786,809890
1532820,1173157;809866
1532830,146359;745297;346327;1372197;745288;745296
1532852,1250377;1250363;1250361;885689;1250402;1250364
1532790,
1532810,1372173;1372174;964498;663848;346331;964499
1532847,885733;398849;1183752;1372238
1532822,1372233
1532792,809864;1372194;745299;568121
1532824,964489;964528
1532803,1250384;1372183
1532809,885683;1372176
1532808,885683;885694;346331
1532784,
1532807,1250386;745311;1372190;663875
1532831,885690;567777;885688;809865;175771;1250376
1532801,964489;885721;1183770;1250408;1532800;1183771
1532800,1173159;663895;964532;1250408
1532823,567812;1183773;745281;480820
1532806,1183808;964540
1532853,567784;885689;568116
1532780,809886;1183799;235193;809894;745294
1532818,636786;559215;559214;964552;1250386;1250384;1372190;1250400;885697
1532829,663923;568110;568136
1532781,175815;1382885;964505;1250354;963285;801851
1532791,
1532841,1372212;809894;346326;1372196;1250376
1532839,809907;885680;1372235;964507
1532840,1183795
1532836,1249022;1250396
1532833,885694;1250386;1532834;964516
1532798,745322;1372200;885699
1532788,745299;1382890;1372192;1183791
1532850,809895;235211;663910;568137;1372214;1372196;745333;1183821;1250376;1183822;1372179;1372195
1532845,885709;885728;885694;1250366;1372183
1532843,
1532793,1183820;1372216;1183824
1532777,964524;809894;809886;964549;1372220;964519;175771
1532859,1372186;567777;745317
1532838,146373
1532835,568118;568111;1249022;885723
1532774,745294;809886
1532844,
1532811,1250414;1372176;1372194;1372174;885683;964498
1532813,885683;1250390;398846;1372176;1250384;1250385
1532802,1372239;663878;1532785;1250384;885683;809908;1183757;809889
1532856,885694;1183777;1372208;1250384;1372190;1372209
1382886,1249030
1382890,729560;1183791;885676;1249009;809871
1382902,528686;1249032;1249030;963289;1249029;146375
1382892,346302;146402;1249015;729568
1382941,
1382884,963289
1382916,
1382919,
1382897,
1382913,
1382904,1173141;885086
1382883,
1382938,
1382895,1249015;567800;146386;729568;809866;559215;885086
1382930,
1382932,
1382908,801859
1382900,567787;636718
1382927,
1382899,1173148;1173152
1382939,
1382943,
1382889,801853;801860;801852;963279;801859;1173149
1382925,
1382887,1249006
1382928,
1382915,
1382935,
1382944,
1382940,
1382918,
1382921,
1382922,
1382909,636718;528686;885677;1249011
1382882,
1382934,
1382907,1249030
1382901,485139;801858;636791;1249005;1249011;885090
1382942,
1382910,636718;1173159
1382945,
1382898,1250362
1382914,
1382929,
1382888,745303;175815;1173144
1382924,
1382903,146375;885092;636792;801856
1382891,1173150;1249013;963275;1173159;1173161;567787;528686;1249012
1382912,
1382905,1249008;885086;1173156;528688;1173148
1382896,
1382906,636718;1249011
1382920,
1382894,346302
1382936,
1382885,175815;1173148;963285;801860;963289;963290;1173153
1382893,729568;1249015;346302;1249014;528686;485140
1382933,
1382923,
1382926,
1382917,
1382931,
1382937,
1372251,
1372197,1250361;745288;1250384;809934;745296
1372200,964533;663860;1183783;745282;745280;885699;480813;1250366
1372186,
1372276,
1372202,
1372282,
1372256,
1372279,
1372178,809865;480817
1372259,
1372199,568127;663869;663886
1372280,
1372183,
1372257,
1372258,
1372260,
1372231,480793;1183753
1372242,1250382;1183764;1183779;398877
1372187,809865;480817;485141;885688;567784;235211;235225;5290732;567777;1250357;809904;809905;175789;663897
1372277,
1372236,346308;964541_08;1250356;1250360;1183810;568127;885703
1372234,1183807;175782
1372228,175780;964489;568121;480806
1372220,809894;809886;1183799
1372275,
1372177,809865;1250372;1250377;1250363;809863
1372281,
1372184,885737;1250383;745347
1372182,
1372233,
1372210,1250380
1372181,398877;663882;1250403;745309;567608;809909;480797;964490;885698
1372253,
1372239,964519;568133;885735
1372201,
1372190,1250406;559215;568110;885694;964519;885697;885696
1372240,
1372216,885729;1183758;1183757;809891;1183764;809908;663888
1372230,745713;745299;663895;480806;568123;1183810;175780;745300;346334
1372267,
1372273,
1372217,1250375;745299;663888;1250420;346311;745343;480821
1372238,1183795;1183754;964540
1372255,
1372218,1183829
1372179,809918;809895;885690;1250363;1250377;1250361;1250364
1372284,
1372208,1250394;1250392;1250395;1183785
1372175,398852;809914;146377;745713;1183775
1372209,964519;885697;146391;809886
1372174,398851;964498;663848;346331;964499
1372254,
1372261,
1372207,
1372225,809908;485144;1183767;885680;885682;885680;964490;398877;235228;745309;809909
1372173,346331
1372263,
1372222,964555
1372211,1183788;1250362;1250361;663874
1372266,
1372206,
1372243,
1372244,
1372245,
1372246,
1372188,745316;809894;398849;1183798;346326;1183782;1183799;1250379
1372226,885704;146361;1250354;1250384;1250386
1372232,528685
1372176,885683;1250390;964514;1250384
1372189,1183760;1250366;964541_08;1183796;745282;964534;1250368;964502
1372198,1183766;1250358;1372234;1183782;567602;1183808;1250398;1250359
1372241,809934;1250361;1250401;1250357
1372283,
1372185,964519;398846;885688;175789;1250364;235211;567777;885704;809909;1250376;1250377;398875;1250378;809892
1372224,
1372204,
1372194,480821;809864;964519;1250357
1372172,
1372235,964499;1183774
1372237,885732;885702;885673
1372213,809907;885714;398849;175773;567777;885716;964507;1250376
1372205,1250359
1372227,885703;745329;885680;663869
1372203,398882;745320
1372171,
1372221,964538;1183754;964555
1372212,745316;809894;398849;1250379;1183798;346326;809905;745294;809886
1372215,809874
1372214,1250376;1183786;175773;663910
1372274,
1372250,
1372191,346321;745713;964541_06;809910;809879;398869;964531;1183757;1250374;745300;885698;1250402
1372252,
1372192,663890
1372196,964519;745296;175773;663910;809896;1250414;1250376;964489;398875;175789;346314
1372272,
1372219,663929;235193;745294;398849;485141;809894;809905;1183819;1183797;663857;346326
1372278,
1372270,
1372269,
1372262,
1372193,
1372223,964541_04;146402;885686
1372180,964541_06;1250402;1250385
1372264,
1372265,
1372271,
1372268,
1372229,1250398;1250414;1250399;885721
1372195,1250372;567807;745317;235211;885690;745295;346327;964506;809896;809907;1183789
1249005,
1249013,1249012;567787
1249021,636784
1249029,1173155
1249031,
1249025,729554
1249024,485139;1173157;885092;346302;559216
1249019,729555
1249022,
1249023,1173157
1249007,559213;1173156;480801;729560;1173141;885086;235219
1249032,
1249014,567787;663866;1173161;528686;801855
1249008,636786;559214
1249020,801862
1249002,
1249006,175815;729568
1249027,1173156;235217
1249000,
1249012,1173150;1173159;567787;1173161
1249003,
1249018,146402
1249015,146386;146402;729568;346302;885086;485140;1173151
1249016,146386;146402;729568;346302
1249009,885091;636718;559214;963279;1173151
1249011,
1249004,1249030
1249001,
1249028,1173155;963290
1249030,1173141;1249004;175815
1249017,1173159;963275;1173161
1249026,175815;146402;963274;963285
1249010,963285;1173160;809927
1250377,809892;663897
1250381,964545;885686;568108
1250405,964541_01;809869;745312;885680;964491;885702
1250403,1183770;964498;1183776;964541_01;964491;1183757
1250365,745314;885703
1250413,745319;964519;809932;663875;568112
1250361,964541_04;809906
1250415,1183816
1250420,809910;745299;663888;663895;346311;809879;809891;745298;235219;346304;175818;480821
1250384,809889;663880;398852;1183764
1250411,663875;568112
1250353,1183754;964555;964538
1250409,745342;809869;745312;809924;1183760
1250378,567784;398846;398877;235211;567777;663912
1250372,885716;663858
1250385,809910;1183757;964541_06;1183771;1183764;964519
1250392,
1250354,885704;663886;568103;568121;480806;175780;663887;964564
1250414,885696;1183766;480795;885694;346331;1183777
1250429,
1250362,809905;663897;568118;1183788;567784;745294;745292
1250388,235231;964519;1250384;809908;1183776
1250351,1183754
1250356,1183774;885703;885704
1250398,
1250369,1250357
1250360,964518;568127
1250371,809869;745312;964519;663875
1250412,809889;885683;964521
1250387,1183766;1183762;809934
1250390,885683
1250425,1183799;567777
1250389,964541_08;745329;809863;568127;1183771
1250404,663882;1183820;809909;964490;964489;1183771
1250402,964519;398869;235222
1250386,745311;1250384;1183777;885694
1250424,
1250370,885732
1250379,1183797;1183799;663912;809886
1250348,
1250363,1183805;480817;1250377;885689;809896;964541_04;480795
1250364,964541_04;346313;480817
1250428,
1250417,398849;485141
1250357,1183766;1250412;1250369
1250423,
1250368,1183760;964534;1183796
1250427,
1250408,964502;964541_08;568125;745282;964532;1183765
1250395,1183785
1250355,175782
1250396,235203;663914
1250406,1183757;964490;1183777
1250375,480806;745299;663895;568121;1250373;663888;745298
1250359,964489
1250366,663860;1183783;663902;745282;885699;1183800;567600;745280;809902;568126
1250422,
1250352,963295
1250380,885687
1250367,1183796;885705;663860;964533;568126;745282
1250376,885714;809874;745284;745291;809907;235211;398875;964506;885716;964507
1250410,
1250358,964518;964517
1250373,745299;663895;568121;175780;480806
1250350,
1250400,
1250394,1183761;1183764
1250401,1183790
1250407,1183784;745285
1250391,1183757;1183784;745713;964519;745300;964515;885698
1250430,
1250397,
1250419,809891;885704;1183821;663869
1250399,745713;663907;567602;346331;964530;964499
1250416,885086;1183817
1250418,
1250421,809865;809908
1250383,
1250374,885704;745288;568103;1183774;567807;885703;480789;663886
1250382,1183779;398879
1250426,
1173161,567787
1173152,729564;175815
1173159,
1173157,559216;885739;346302;485139;146402
1173155,528685;398883
1173153,963283;963290;801860;175815
1173143,559211
1173150,567787;398870
1173162,963273
1173164,
1173144,745301;745303
1173146,
1173156,963274;175815;963279;528685;567746_2
1173140,
1173151,963290;963285;636718;801858;528689;963283;175815;885091;801860;963284;809866;963281;729567
1173158,885086;636761;559210
1173141,885086
1173149,729558;963286
1173148,567745
1173147,963291
1173163,963293
1173160,963279
1173142,528688;636788
1173154,745322;963278
1173145,346317;885679;801858
1183821,346327;964541_04
1183826,964557
1183823,480800;663869;885745
1183829,809918
1183791,1183816;729560;809871;480821;398857;235203;480801;346304
1183765,964502;964541_08;745282;745314
1183776,964498;964521;809889;745309;885698;809911;809909;346331;480792
1183806,636793;528688;398859;729558
1183808,175782
1183803,480803
1183807,663848;885705
1183804,964546
1183795,
1183827,885736;480821;885678;885745
1183815,663931
1183818,
1183811,567777;809906;663912;809892
1183820,398877
1183816,
1183830,
1183819,809919;964543
1183813,146359
1183822,809895;964541_04;885688;568149
1183812,964522;964555;964531;346320
1183790,809873;568140;745332
1183768,809868;885711;809902
1183786,663858;663871
1183754,964555;964538
1183755,175782;346295
1183794,809868;885711;809902
1183774,663875
1183771,964541_08;809896;964502;964489;885722
1183802,
1183772,146401;663875;745284;809932;175782;885703;885705
1183828,964529
1183788,480803;235201;964510
1183775,
1183783,663860;567600;745280;964533;568126;745282
1183753,
1183781,
1183766,
1183789,809896;745333;745296;398877
1183801,745322;745280;663863;663860;745282
1183814,745329;663883;885680;745315
1183752,
1183757,964531;809908;809889;398845;964519
1183763,964519;964515;663875
1183764,146391
1183810,885681;964533;809878;964502;663869;885705;745300;663860;964524;885703
1183778,663860;964491;964541_01
1183782,235193;745316
1183805,885742;5613473
1183773,
1183785,
1183825,
1183777,663894;964541_01;885694;964490;964522;885696
1183760,809877;663860;885724;745283;480805
1183799,809886;235193;809894;745294;175771
1183759,964502;663927;663888;964541_08
1183770,964489;964541_01;964491;663909
1183817,
1183769,568105;885679;964541_01;480802
1183800,663860;964533;745282;745280
1183824,1183820
1183793,809883;964508;885685
1183792,480797
1183787,885723
1183758,663891;809878;745300
1183779,398877
1183797,235193;809905;745294;480817
1183767,745329;663883;809867;885680;745315;809901
1183784,809869;885723
1183780,885733
1183762,809892;964519;809884
1183798,745316;809905;398849;175789;235193;745294
1183809,568127;885705
1183761,745309;809909;885698;1183764
1183796,663860;964502;745283;964541_08;568126;745282
963291,
963290,729567;235217
963289,528688
963279,636718
963296,
963285,528689;801860
963294,729566
963293,729559;636718;729565;885089;885090;528697;559226;885101
963292,
963274,636789;885099;528692;528686;528691
963275,528686
963284,636718;528692;175815
963280,
963278,636786;235217;175815;636718;636784;559214;729558
963282,885089
963295,
963287,729555;745302;398863
963283,235217;175815
963288,485140;398870;801867;175794;146387;146402;528690;146386
963286,885698;885088
963277,
963272,
963281,528691;528689
963273,175794;885098;528685
964554,398877;745294;809886
964557,398847
964518,398877;485152;885698
964502,964541_08;809910;480813;663895;745299;663888;745314;1250375;745282
964500,885721
964506,398875;235211;485145;809896;663910
964564,
964521,663880;745713;663888;146391;398852;809911
964545,809894;885731;745336;809886
964535,809869;885691
964560,
964501,745296;745312;809869
964544,
964547,480793
964551,745288
964553,
964542,885729
964549,
964543,809919
964552,636786;559214;346340
964514,885683
964546,885735
964511,567606
964532,663902;745327;809870
964555,
964504,
964507,885716;745318;175773;809907
964517,663915;885675
964541_03,809883;809890;885684;885685;885712
964541_08,964502;745282;745314
964541_09,528686;801860;398875
964490,480796;663882;745309;567608;809909
964515,480803;663875;568112
964524,885705
964541_05,
964556,
964512,567606
964491,663909;568124;745314;745283;663883;745312;964541_01;663908;663865
964534,809877;809875;663860;568117;885724;745283;480805
964519,480803;809908;809889;568112;663875
964541_04,885689;346311;485146;885689
964523,885721;885722
964540,636786;809914
964528,809870
964529,
964498,346331
964541,
964508,885685;809890;809883;885712
964489,663930;745327
964541_01,745282
964505,175773;809905
964531,663878
964522,885726;745311;885694;885729;6064976;346340;809878;885697
964516,745319;663875;568112
964562,
964499,663887;568103;175782;663869;663885;663886
964530,663860
964548,
964541_06,809910;346321;480809;346341;809879
964510,480803
964559,
964513,567603;809872
964494,480817;346312;809894;663898;809904;663912
964497,663909;885718
964526,885686;568108
964539,398877;663875
964561,
964538,663917
964533,663860;663895;745280;663863;480805;663862;885699;745342;568125;745282
964541_07,663893
964550,
964541_02,663882;346340;809911;745309;809909;745311;663848
964525,346332;885720;885716;885705
964563,745331
885088,146402;636759;567745;663916;528686;528691;729564;175815
885092,636761;636792;729560
885102,
885105,
885090,801859;175773;801858;146360
885091,801860;235217;729567;175815
885095,528686;235198
885093,636788;663889;636792;146375
885087,528688
885096,636792;528691
885103,729567
885099,
885104,663876
885101,
885086,559210
885094,636786;801857
885098,528686;636789;729555
885105_1,398883;480794
885089,729567;480803;398870
885097,729553;729555;745302;528686;801866;636791
885674,809914
885727,
885715,809865;480817;346313;809863;485141;809892;567777;809904
885690,146359;745291;175773;346312;146360;480819;663899;745295;809906
885688,809865;809892;398877;235211;663912;809863;398875;398875;663898;663859;346312
885678,809871;480821
885716,809863;745318;175773;809907;663858
885673,663915;745337;745713;809912;809914
885684,809890
885730,
885721,809904
885685,809883
885693,568112
885720,346332;663871;885717
885737,745347;480789;346297;398901;567807
885675,885674
885729,568134
885717,175782;663887;663869
885676,
885691,568126;745282
885672,745311
885722,
885725,809882;568117;485141
885698,809909;398877;809872
885728,235196
885711,663902;809902;809868
885677,636759;528691;729561
885689,480817;745324
885683,398846;346320;809887;346308;885688;346306;663853;809878;568127;480806;745300;568121;745713
885702,235190;745305;809900
885731,175771
885734,
885733,
885723,663909;480795;568111
885704,235222;745315;398869;663885;809879;568103;663886;175821;175782;745298
885726,809911
885732,809912;745337;809911
885724,663865;809869;809910;809879;745329;568126;745282;663883
885745,809918;146359;480821;809897
885713,809877;480805
885707,809921;485157;745351;398895;398857;485143
885718,745286
885682,809867
885696,568110
885719,
885679,346317;568111;568109
885743,809926;745348
885709,146368
885706,663887;346337
885744,567746_1
885705,885703
885686,745296;745333;568108
885700,745285
885680,745315;663907;745329;745312
885687,568108
885681,663907
885699,745322;745285;809869;745283;745342;480805;809900;745280
885703,568127;663907;663909;745300;346334;663869
885714,809865;745291;809907;745297;809863;809897;175773;663858;745284
885712,568125;663893
885697,745311;809887;568112
885701,
885738,809907;809865
885692,
885736,480821;745331
885708,
885735,146378;568136
885742,567777
885710,235196
885740,663922;729553;146402;663868
885741,
885694,568111;745294;480795;885696;745319;809905;809932;146391
885739,235219;809894;528688;175794;559210
801861,636761
801857,636786;729558
801867,745301;398870
801863,745301;528684
801851,
801869,
801860,175815
801854,
801856,559210;175815
801859,528689;729564;175815
801862,1382887;636790
801855,
801858,146402;559216;485139;346302;809866;567800;175815;729564
801853,528691;528689;528686;729560;398870;528692
801865,636793
801868,729569;559228;729555;729568
801864,
801852,
801866,729553;745302;729555;528686;636791
809915,
809890,
809910,745713;663888;567609;745298;480809
809893,745326;663876
809891,663895;663888;745299;745297;663910
809934,745321;398877
809929,480821
809885,
809904,398875;480817;346312;663912;567784;663898
809932,568112
809940,
809897,175773;745284;745296
809907,175773
809863,663871;745318
809899,745328;663860
809920,
809922,
809931,
809917,398849;663910;346327;568137
809913,745337;745336
809870,663902;745327
809889,
809884,745317;175771
809874,745291;745332
809872,
809925,
809866,346302;801858;567800;485140;146386;146402;729557;485139
809911,346319;146377;809914;235231;745713
809886,146373;235193;567777;745294
809871,480821;568112
809901,745315;745329
809912,745337;663915
809892,398877;398846;485141;346313;346314;146391;663898;663897;663899
809882,485141;568109
809918,663911
809879,745343;568121;745299;745298;663895;663888;568133;568123;745350;745311;485154;663913
809878,663891;568121;480806;175782;745300;568127
809864,235219;663888;568115;346311;398860;146360;663898;480821
809900,745344;567746_2;745282
809887,663853
809883,
809888,
809908,
809869,745312;745285;745314;663908
809898,663871
809906,567784;663899;663898;346313;745332;745324;568116
809902,745283;663883
809868,568125
809924,745342;663888;745299
809875,
809865,480817;346327;175789
809877,568125;745314;663902;745283;480805
809903,663930;745286
809909,745713;745311;567608;663848;745309;398877;346340
809873,663848;146360
809894,398849;175789;235193;485141;745294;809886
809867,745329;663869
809896,745290;568137;745296;480795;346327;663894;745297;567807
809876,568126;745282
809919,568120;663930
809939,
809923,636786
809916,568145
809930,745301;528688;175794
809905,745294
809895,346312;346313;146360;745324
809936,346291;146392;398899;568110;480818
809927,398870
809921,485139;745351;636793;729568;567800
809914,809911;663915;745713;398852
809926,745348
809938,
729554,663920
729557,559216
729560,567796;559213;528686;636793;636792;175815;480801;636761
729569,559228;528686
729562,567796;568116;480794
729567,636787;235206
729566,175794;663874;235201
729561,528691;567746_1;636759;528688;559226
729556,
729555,636789;636793;528686;559228;636761
729564,528689;636792;175815;567745
729563,
729568,146402;346302;485140
729558,636786;636718;559214
729570,636761;636759;528686;568110;559228
729559,
729553,146386
729565,
745336,
745304,
745307,235202;175818;663896;567746_1;485143;235207;346304
745285,398868
745296,568137;663912;480817;175773;663910;346327;567807;663857;398877;663858
745313,663909;663908;663883
745310,398853;235228;567606
745347,485141
745355,
745297,346329;175773;146359;480817
745344,568128
745292,568118;398872
745324,663898;663912;480817
745349,
745326,346330;663876
745303,
745281,
745327,663904;480821
745332,663910;568115;568116;663911
745331,663911;568115;745332
745293,346336;568124;568122
745283,663865;663860
745305,663903
745309,567608;568119;480792;663882;398877;398852
745290,175782;346327;346329;346328
745314,485142;663883;663908;663906
745291,663858;663857
745289,568115;568121;346327;485139;175794;346302
745321,
745311,
745320,663876
745319,567609;568112
745295,346312;480819
745342,346311;663888
745316,663929;567746_1;398849;175773;235193;485141;346330;175789;346326;663857;235224;568139;346315
745322,
745299,663888;663895;568121
745713,663888;346331;346320;485154;745300
745337,663915
745328,
745298,568123;663895;568121;745299;175780;480806
745354,
745280,663860;480800;480799
745287,567602
745353,
745323,146361
745346,146361;568149
745343,
745329,663907;663901;663883
745317,346312;663897;663921;175771;663912;398877
745341,663862
745345,
745348,
745333,485158;663910;346327;568137
745315,568126;568124;663906
745312,663908
745325,
745282,663865;567600;568126;663860;663908
745339,
745286,
745330,480821;663922;346316;559211
745301,485139;528688;175794;146387;146402;398870;485140;346302;528690;146386
745350,
745302,663872;528686;567800;663871;480811;346333;346332;235206
745288,567807;480809;480789;663886
745300,480806;568121;568144;745713;346308;568123;568127;346307;175780;346334
745334,559214
745351,663866;663868;146402
745335,
745284,235199;480803;175782;485154;175773;663875;346334;480795
745306,663899
745294,235201
745340,
745338,567746_1
745318,663883;663872;663871
745352,
636761,567796;567746_1;528690;480794;398859
636778,
636785,559210
636788,528688;559210
636790,528688;528688
636789,146402;528686;568118;528688;346302;175794;567787
636718,528691;528689
636787,
636782,398874
636794,559213;528682;559211
636793,146402;346302
636786,559214
636784,175815
636792,559213;175815;528686;528684;528697
636759,528689;528691;528686;567787
636791,528686;528688;485139;398877
663848,346331
663883,485142;398868;568124
663931,
663880,146377
663882,567608;398877;346331;480792;398852
663917,480790
663888,346311;146360;398860
663903,567746_2
663856,175789;146398;235205;480802
663914,480811;567800
663865,
663928,568111;235200;398895;398878
663922,
663919,346291
663896,568117;175771
663921,568128
663890,480821
663851,568108;346340
663887,175782
663876,480804
663909,
663926,567777;346313;398850;568139;567746_1
663868,528691;146402;528686;398863;528692
663916,485139
663874,235201;480803;175795;235219
663905,
663885,235210;398846
663894,480795
663911,
663897,480817;346313;398850;567784;398877;346312
663889,146375;398857;559210
663871,
663895,480806;568121
663892,
663933,
663918,
663900,398845
663927,567746_1;663883
663915,
663886,175782;480789
663930,398880
663901,
663869,568127
663866,480811;485139;346302;567800;398864;146387
663902,568125
663923,
663934,
663859,398875;567780;235211;235225
663904,
663860,567600;568126;568125;480813;480805
663908,
663857,235193
663906,568126;568124
663912,398877;567784;346313;567777;346312
663932,
663875,568123;480803;745284;568112
663899,346313
663907,568127;568124;480805;568121;398852;480806;567606
663853,567606;398853;146391
663913,
663878,346340;485154;567603
663898,480817;398848;567784
663924,
663893,
663920,
663862,175814
663858,
663863,567600
663925,
663929,235211;346330;235193;235227;346315;175789;398867;346338;398846
663867,146373;175796;398869;175795;146386;146402;398849
663891,146361
663855,568118;398874
663910,568137;346327;175773
663872,346332;480810;568138;480812
559223,
559211,146375
559228,
559215,
559224,
559222,
559225,528686;528682
559221,
559220,
559213,528684;559210
559212,528688;528689;175815
559216,
559214,
559218,
559210,398870;175815
559229,175815
559226,528697
559219,
559227,
568143,
567598,
568108,480792
567787,528686;480814
568141,
568129,146398;480802
568142,
567595,
567602,
569203,
568144,
568148,
568136,235229
567745,528689
568118,480803;398874
568134,
568103,398869;175782
567812,346333
568140,485151;485156
568147,
567609,346333
568139,480819
568126,398868;480805
568135,
567608,480792;398877;398852
567603,346340
568115,485145;175771;235202
567796,398883;146402;480794
568137,175773
568112,
567606,235204;398853;480796;235228
567804,
568110,480795;146395;568111
568163,
568150,485143
567777,398850;398849;346312;235226;485141;235227;346313;480817;398877
568149,
568121,175780;480806;346334
568105,235199;480802;568116;346315;398849;485141
568165,
568124,346308
567784,346313
567800,146386;398864;480811;346302;485139;146402
568127,346308
568111,146395;480795
568125,
568104,480802
567780,398875;398853;398877;235228;480818
568160,
568114,175802;346295
568119,398852;480796;480806;398846;398877;175782;480807;480797;480789
568130,
568151,
567600,
568145,
567746_1,398878;346303;235205;480821
568133,346340
568117,485145
568122,
568109,485141
568116,235199;568105;485141;346315
568120,
568132,
568128,175771
567746_2,
568146,485141
567610,346342
568123,175780
567807,485141;480789
568138,346332
528697,398870
528695,
528693,175815
528696,
528694,398874
528691,
528692,175815;235198
528688,175815;398863
528683,
528682,
528690,346304
528689,
528684,
528685,346322
528681,480815
528680,
528686,398863
528687,
485143,175812;398895;146382
480792,346320;485154;146391;398854;346340;235231
480816,175809
480803,480821;398874
485153,
480801,346304;346303;146375;235203;398874;398857
480821,346305;398860;175818;235219
480802,
485155,
480811,346333;346332
480799,
480813,235191;146379
485157,
485171,
480809,146391;235230
480793,398878
480812,398845
480817,346312;346313;398877
480795,
485144,235211;346329;175789;398876
480805,346333
480808,146378;398848
485156,346329;398875
485139,146386;146402;346302
480810,398845;398852;235231
485141,398849;175809;235174
480798,
485169,
480790,
480791,
480818,398849;346340;398877;235227;235210;346321;175789
480789,
480807,175782;235223
480814,
485154,235205
480797,146377
485145,398848;175771
485149,
485147,398863
485148,
485140,146402;528688;175809;146386;146387;146389
480804,346324;235222
480796,885696;235228;398853;346340
480815,528681
480806,175780
480820,
485158,
485146,235226;235227;346311;398876;398875;398846;235211;398877
480819,398877;346313;346312
480800,
485150,
480794,398883
485151,398894
485170,
485152,
485142,235229
346328,
346299,
346341,
346304,235205;235202;175818;235215
346323,
346309,146360;175837;235203
346331,398851
346303,175804;235219;146373;235205
346307,175782
346289,
346321,398877;235227;235210;175772;398852;175773;398846
346308,235223
346320,398852
346329,235225
346325,
346339,
346342,235231
346296,398904;235188;175771
346337,
346334,235213;175780
346305,398860;146373;175804;235207;235219;398880;398879
346293,
346306,
346295,
346319,235231;175777;346340
346336,
346332,398845
346317,
346298,235219
346318,175794
346322,
346315,235193;175789;235226;235211;398875
346310,235223;175833;146360
346326,175773
346301,
346335,
346311,146360;398848;398850;398849;398846
346316,146387;175795;146375
346285,
346324,346330;398869;175821;235222
346300,
346284,
346288,
346294,235228
346292,
346297,346332;398901;346332
346290,
346312,398877;346313
346286,
346313,235227;146360;175771;235210;146359;398846;398850;175773;235226
346330,398869;346324;235211
346287,
346338,398867;146380
346314,
346291,
346340,235231;398862;398854;146391
346327,175773
346333,398854
346302,146386;146387;146402
398903,
398900,
398849,235193;175789;235210
398852,235231
398874,235199;235219;175818
398858,235215
398873,235203;146360
398856,235219;235197
398876,235210;175770;175773;235211;235227;235174;175789
398883,
398879,175804
398861,
398871,
398865,
398902,
398897,
398882,
398845,175778
398901,
398860,235219
398846,235210;235211
398878,235205;235204
398868,235223
398857,235219;175818
398859,146387;175809
398875,235211;235225;146359
398863,
398881,
398869,175821;235222
398885,
398870,146369;175815
398898,
398851,
398867,
398866,
398853,235204;235228
398880,235226
398877,
398911,146391;175812
398904,
398847,
398855,
398872,146374
398895,
398894,
398862,235231
398864,146387;146386;146389;146402
398892,
398884,175784
398893,
398899,235219
398848,235211;146360;235212;175773;175789
398850,
398896,175771
398854,235190
235225,
235203,146399
235204,235219;175818
235190,
235219,146397;235204;175818;175833
235216,
235218,
235230,
235197,175819
235174,175770;175773
235201,146383
235211,146359;175837;146373;235202;175789
235220,
235215,
235212,
235222,146363;175821;146391
235224,
235186,
235217,175796;175791;175815;175794
235185,
235228,175818
235189,175778;175777;175805
235229,
235209,
235223,175782
235195,175814
235182,
235191,
235184,
235226,146359
235214,146377
235202,175771;146360;235211
235200,
235187,
235177,175807
235207,235219
235231,146362;146413;175805
235227,175772;175778;175770;146360;175789;809897;175777
235196,175771
235205,175787;175789;146360
235208,
235198,
235179,
235183,
235178,
235199,
235192,
235180,175830
235193,146373;146359;175789;175773
235213,175771
235175,235215
235173,
235206,
235188,
235176,
235181,
235210,175773
235221,175807;175814
235194,
175818,
175806,
175811,
175773,146360;146359
175778,
175784,
175833,
175823,
175795,
175824,
175785,
175819,
175820,
175835,
175834,
175799,
175836,
175777,
175787,
175791,
175816,
175826,
175814,175807
175801,
175812,
175809,
175794,
175804,146388;146373;146362;175782;146363
175832,
175827,
175807,146362;146397;146382;175814
175805,
175825,
175810,
175767,
175792,
175780,146390
175782,146363
175786,
175790,146386;146402;146387;146389
175789,
175771,
175797,
175800,
175815,
175776,
175830,
175796,
175837,
175781,146401
175802,
175770,
175831,
175838,
175821,146370
175772,
175828,
146419,
146385,
146372,
146393,
146375,
146362,
146398,
146382,
146401,
146399,
146366,
146377,
146395,
146415,
146374,
146397,
146364,
146369,
146386,
146367,
146360,
146379,
146416,
146384,
-1,
146365,
146381,
146373,
146402,
146418,
146390,
146417,
146380,
146396,
146387,
146383,
146394,
146359,
146363,146388
146400,
146370,
146391,
146361,
146376,
146412,
146414,
146403,
146388,636759
146392,
146389,
146371,
146413,
146378,
146368,
